Banco,Producto_Codigo,Producto_Nombre,Concepto,Descripcion_Breve,Subtipo,Categoria,Tasa_Porcentaje_MN,Tasa_Porcentaje_ME,Moneda,Fecha_Vigencia,Fecha_Extraccion,Periodicidad,Oportunidad_Cobro,Observaciones
Banco_de_la_Nación,tasas-tarjeta-credito,Tasas Tarjeta de Crédito,TARJETA CLÁSICA,Tasa de interés anual para compras con tarjeta de crédito clásica revolvente.,REVOLVENTE,Compras,27.0,32.0,AMBAS,15/05/2018,2025-10-24,Anual,,Compras | Cliente: Persona Natural
Banco_de_la_Nación,tasas-tarjeta-credito,Tasas Tarjeta de Crédito,TARJETA CLÁSICA,Tasa de interés anual por disposición de efectivo con tarjeta de crédito clásica revolvente.,REVOLVENTE,Disposición de efectivo,27.0,32.0,AMBAS,15/05/2018,2025-10-24,Anual,,Disposición de efectivo | Cliente: Persona Natural
Banco_de_la_Nación,tasas-tarjeta-credito,Tasas Tarjeta de Crédito,TARJETA CLÁSICA,Tasa de interés anual para compras en cuotas con tarjeta de crédito clásica.,CUOTAS,Compras,20.0,25.0,AMBAS,15/05/2018,2025-10-24,Anual,,Compras | Condiciones: HASTA 12 MESES | Cliente: Persona Natural
Banco_de_la_Nación,tasas-tarjeta-credito,Tasas Tarjeta de Crédito,TARJETA CLÁSICA,Tasa de interés anual por disposición de efectivo en cuotas con tarjeta de crédito clásica.,CUOTAS,Disposición de efectivo,25.0,26.0,AMBAS,15/05/2018,2025-10-24,Anual,,Disposición de efectivo | Condiciones: DE 13 A 24 MESES | Cliente: Persona Natural
Banco_de_la_Nación,tasas-tarjeta-credito,Tasas Tarjeta de Crédito,TARJETA GOLD (ORO),Tasa de interés anual para compras en cuotas con tarjeta de crédito Gold.,CUOTAS,Compras,18.0,23.0,AMBAS,,2025-10-24,Anual,,Compras | Condiciones: HASTA 12 MESES | Cliente: Persona Natural
Banco_de_la_Nación,tasas-tarjeta-credito,Tasas Tarjeta de Crédito,TARJETA GOLD (ORO),Tasa de interés anual por disposición de efectivo en cuotas con tarjeta de crédito Gold.,CUOTAS,Disposición de efectivo,23.0,24.0,AMBAS,15/05/2018,2025-10-24,Anual,,Disposición de efectivo | Condiciones: DE 13 A 24 MESES | Cliente: Persona Natural
Banco_de_la_Nación,tasas-tarjeta-credito,Tasas Tarjeta de Crédito,TARJETA PLATINUM (PLATINO),Tasa de interés anual para compras en cuotas con tarjeta de crédito Platinum.,CUOTAS,Compras,14.0,19.0,AMBAS,,2025-10-24,Anual,,Compras | Condiciones: HASTA 12 MESES | Cliente: Persona Natural
Banco_de_la_Nación,tasas-tarjeta-credito,Tasas Tarjeta de Crédito,TARJETA PLATINUM (PLATINO),Tasa de interés anual por disposición de efectivo en cuotas con tarjeta de crédito Platinum.,CUOTAS,Disposición de efectivo,19.0,20.0,AMBAS,,2025-10-24,Anual,,Disposición de efectivo | Condiciones: DE 13 A 24 MESES | Cliente: Persona Natural
Banco_de_la_Nación,tasas-tarjeta-credito,Tasas Tarjeta de Crédito,TASA DE INTERÉS MORATORIO,Tasa de interés anual nominal por mora en el pago de la tarjeta de crédito.,,Moratoria,11.79,,MN,10/05/2021,2025-10-24,Anual,,TASA DE INTERÉS MORATORIO (b) | Cliente: Persona Natural
Banco_de_la_Nación,tasas-prestamos-consumo,Tasas Préstamos de Consumo,PRÉSTAMO MULTIRED SIN CONVENIO,Tasa de interés anual efectiva para préstamos Multired sin convenio hasta 24 meses.,PRÉSTAMO MULTIRED SIN CONVENIO,TEA,12.99,,MN,28/12/2024,2025-10-24,Anual,Por única vez,PRÉSTAMO MULTIRED SIN CONVENIO (El cliente tiene la opción de no amortizar el capital e intereses en los meses de abril y diciembre) | Condiciones: Hasta 24 meses | Cliente: Persona Natural
Banco_de_la_Nación,tasas-prestamos-consumo,Tasas Préstamos de Consumo,PRÉSTAMO MULTIRED SIN CONVENIO,Tasa de interés anual efectiva para préstamos Multired sin convenio hasta 36 meses.,PRÉSTAMO MULTIRED SIN CONVENIO,TEA,13.99,,MN,28/12/2024,2025-10-24,Anual,Por única vez,PRÉSTAMO MULTIRED SIN CONVENIO (El cliente tiene la opción de no amortizar el capital e intereses en los meses de abril y diciembre) | Condiciones: Hasta 36 meses | Cliente: Persona Natural
BBVA_Continental,cuenta-senior,Cuenta Senior,Cuenta Senior,Tasa de interés anual para la Cuenta Senior.,,Interés,0.125,0.125,AMBAS,29/11/2022,2025-10-24,Anual,,Vigente hasta el 29/11/2022
BBVA_Continental,cuenta-senior,Cuenta Senior,Cuenta Senior,Tasa de interés anual para la Cuenta Senior.,,Interés,0.0,0.0,AMBAS,30/11/2022,2025-10-24,Anual,,Vigente desde 30/11/2022
BBVA_Continental,cartas-fianza-pn,Cartas Fianza - Personas Naturales,Tasa de interés moratorio (Honramiento fondos Banco),Tasa de interés moratorio anual por honramiento de fianza con fondos del banco.,,Interés Moratorio,14.45,11.62,AMBAS,15/06/2023,2025-10-24,Anual,,Aplica en caso que la Carta Fianza sea honrada con fondos del Banco y el cliente incumpla con el pago del capital de la fianza. Vigente desde 15.06.2023 | Condiciones: Incumplimiento en pago de capital de la fianza. | Cliente: Persona Jurídica
BBVA_Continental,cartas-fianza-pn,Cartas Fianza - Personas Naturales,Tasa Nominal Anual de Interés moratorio,Tasa de interés moratorio anual por incumplimiento en pago de comisiones y gastos.,,Interés Moratorio,12.56,10.1,AMBAS,01/05/2022,2025-10-24,Anual,,Aplica en los casos que el cliente incumpla con el pago oportuno de las comisiones y gastos establecidos en el contrato. Vigente desde 01/05/2022 | Condiciones: Incumplimiento en pago oportuno de comisiones y gastos. | Cliente: Persona Jurídica
BBVA_Continental,cuenta-sueldo,Cuenta Sueldo,Cuenta Sueldo,Tasa de interés para la cuenta sueldo.,,Cuenta Sueldo,0.125,0.125,AMBAS,09/05/2021,2025-10-24,,,- Franquicia S/500 ó $220 Vigente hasta 09/05/2021 | Condiciones: Franquicia S/500 ó $220
BBVA_Continental,cuenta-sueldo,Cuenta Sueldo,Cuenta Sueldo,Tasa de interés para la cuenta sueldo a partir de una fecha.,,Cuenta Sueldo,0.0,0.0,AMBAS,10/05/2021,2025-10-24,,,Vigente desde 10/05/2021
BBVA_Continental,prestamo-techo-propio1,Préstamo Techo Propio,Préstamo Techo Propio (Para Bienes Terminados y Bienes Futuros),Tasa de interés anual para crédito hipotecario de vivienda.,,Hipotecario,17.5,,MN,15/11/2022,2025-10-24,Anual,,"Para Bienes Terminados y Bienes Futuros | Condiciones: De S/8,000 hasta S/79,179 | Cliente: Persona Natural"
BBVA_Continental,prestamo-techo-propio1,Préstamo Techo Propio,Tasa anual de interés moratorio nominal,Tasa de interés aplicada por pagos atrasados en el crédito.,Moratoria,Interés,12.51,10.24,AMBAS,10/05/2021,2025-10-24,Anual,,Nuevas contrataciones desde el 10/05/2021 hasta 31/10/2021 | Cliente: Persona Natural
BBVA_Continental,prestamo-techo-propio1,Préstamo Techo Propio,Tasa anual de interés moratorio nominal,Tasa de interés aplicada por pagos atrasados en el crédito.,Moratoria,Interés,12.51,9.9,AMBAS,01/11/2021,2025-10-24,Anual,,Nuevas contrataciones desde el 01/11/2021 hasta 30/04/2022 | Cliente: Persona Natural
BBVA_Continental,prestamo-techo-propio1,Préstamo Techo Propio,Tasa anual de interés moratorio nominal,Tasa de interés aplicada por pagos atrasados en el crédito.,Moratoria,Interés,12.56,10.1,AMBAS,01/05/2022,2025-10-24,Anual,,Nuevas contrataciones desde el 01/05/2022 hasta 31/10/2022 | Cliente: Persona Natural
BBVA_Continental,prestamo-techo-propio1,Préstamo Techo Propio,Tasa anual de interés moratorio nominal,Tasa de interés aplicada por pagos atrasados en el crédito.,Moratoria,Interés,13.18,10.24,AMBAS,01/11/2022,2025-10-24,Anual,,Nuevas contrataciones desde el 01/11/2022 hasta 31/10/2023 | Cliente: Persona Natural
BBVA_Continental,prestamo-techo-propio1,Préstamo Techo Propio,Tasa anual de interés moratorio nominal,Tasa de interés aplicada por pagos atrasados en el crédito.,Moratoria,Interés,15.28,,MN,01/11/2023,2025-10-24,Anual,,Nuevas contrataciones desde el 01/11/2023 | Cliente: Persona Natural
BBVA_Continental,CUENTAS-CORRIENTES-PJ_CUENTA-NEGOCIO_ESTE-PRODUCTO-YA-NO-SE-COMERCIALIZA,Cuenta Negocio (No Comercializada),Cuenta Negocio,Tasa de interés anual para la cuenta de negocio.,,Cuentas,0.0,0.0,AMBAS,02/11/2011,2025-10-24,Anual,,Vigente desde 02/11/2011 | Cliente: Persona Jurídica
BBVA_Continental,CUENTAS-CORRIENTES-PJ_CUENTA-NEGOCIO_ESTE-PRODUCTO-YA-NO-SE-COMERCIALIZA,Cuenta Negocio (No Comercializada),Sobregiro formalizado y no formalizado,Tasa de interés anual por sobregiro en cuenta corriente.,Sobregiro,Cuenta Corriente,83.4,36.0,AMBAS,10/05/2021,2025-10-24,Anual,,Vigente desde 10/05/2021 | Cliente: Persona Jurídica
BBVA_Continental,CUENTAS-CORRIENTES-PJ_CUENTA-NEGOCIO_ESTE-PRODUCTO-YA-NO-SE-COMERCIALIZA,Cuenta Negocio (No Comercializada),Interés Moratorio,Tasa de interés anual por mora en pagos de cuenta corriente.,Moratorio,Interés,12.51,10.0,AMBAS,10/05/2021,2025-10-24,Anual,,Euros no aplica Vigente desde 10/05/2021 | Cliente: Persona Jurídica
BBVA_Continental,prestamo-comercial-credito-liquido-ppjj,Préstamo Comercial / Crédito Líquido - Personas Jurídicas,Fast Cash (Crédito Líquido),"Tasa de interés anual máxima para créditos líquidos rápidos, aplicable en moneda nacional y extranjera.",,Préstamo,75.0,75.0,AMBAS,29/09/2023,2025-10-24,Anual,,-Vigente desde 29/09/2023 | Cliente: Persona Jurídica | Segmento: Empresas
BBVA_Continental,prestamo-comercial-credito-liquido-ppjj,Préstamo Comercial / Crédito Líquido - Personas Jurídicas,"Tasa anual de interés moratorio por incumplimiento de pago (Persona Jurídica, Pequeña Empresa distinta a Microempresa)","Tasa de interés anual efectiva para mora en préstamos, aplicable a personas jurídicas y pequeñas empresas.",,Interés Moratorio,15.28,12.44,AMBAS,14/11/2023,2025-10-24,Anual,,"-La Tasa Efectiva Anual de Interés Moratorio se aplica en caso de incumplimiento de pago oportuno de la cuota de préstamo, en función de los días de atraso. La mora es automática. Se calcula sobre la base a 360 días. - La TEA Moratoria solo aplica para Persona Jurídica, Pequeña Empresa distinta a Microempresa. Vigente desde 14/11/2023 | Condiciones: Persona Jurídica, Pequeña Empresa distinta a Microempresa | Cliente: Persona Jurídica | Segmento: Empresas"
BBVA_Continental,prestamo-comercial-credito-liquido-ppjj,Préstamo Comercial / Crédito Líquido - Personas Jurídicas,"Tasa anual de interés moratorio (Persona Jurídica, Medianas y Grandes Empresas)","Tasa de interés anual efectiva para mora en préstamos, aplicable a personas jurídicas medianas y grandes empresas.",,Interés Moratorio,15.0,10.0,AMBAS,01/05/2022,2025-10-24,Anual,,"-La TEA Moratoria solo aplica para Persona Jurídica, Medianas y Grandes Empresas. Vigente desde 01/05/2022 | Condiciones: Persona Jurídica, Medianas y Grandes Empresas | Cliente: Persona Jurídica | Segmento: Empresas"
BBVA_Continental,cuenta-de-ahorro-12-cuenta-digital,Cuenta de Ahorro 12 - Cuenta Digital,Cuenta Digital,"Tasa de interés anual para la cuenta digital, tanto en moneda nacional como extranjera.",,Intereses,0.0,0.0,AMBAS,02/04/2024,2025-10-24,Anual,,Vigente desde 02/04/2024 | Cliente: Persona Natural
BBVA_Continental,adelanto-ppnn,Adelanto PPNN,Descuento de Letras,Tasa de interés por descuento de letras para personas naturales,,Descuento de Documentos,32.0,25.0,AMBAS,24/03/2008,2025-10-24,Anual,Por adelantado,Aplica por adelantado Vigente desde 24/03/2008 | Cliente: Persona Natural
BBVA_Continental,adelanto-ppnn,Adelanto PPNN,Pagares Descontados,Tasa de interés para pagarés descontados para personas naturales,,Descuento de Documentos,,19.0,ME,01/07/2004,2025-10-24,Anual,Por adelantado,Aplica por adelantado Vigente desde 01/07/2004 | Cliente: Persona Natural
BBVA_Continental,adelanto-ppnn,Adelanto PPNN,Interés moratorio,Tasa de interés moratorio para personas naturales,,Interés Moratorio,15.0,10.0,AMBAS,,2025-10-24,Anual,,Aplica para el aceptante | Condiciones: Aplica para el aceptante | Cliente: Persona Natural
BBVA_Continental,adelanto-ppnn,Adelanto PPNN,Interés compensatorio,Tasa de interés compensatorio para personas naturales,,Interés Compensatorio,32.0,25.0,AMBAS,,2025-10-24,Anual,,Aplica para el aceptante | Condiciones: Aplica para el aceptante | Cliente: Persona Natural
BBVA_Continental,Tarifario-leasing-personas-naturales-y-micro-May21,Tarifario Leasing Personas Naturales y Micro,Interés Compensatorio - Fija,Tasa de interés fija anual para operaciones de leasing.,,Intereses,50.0,50.0,AMBAS,01/07/2024,2025-10-24,Anual,,Vigente desde 01/07/2024 | Cliente: Persona Natural | Segmento: Microempresa
BBVA_Continental,Tarifario-leasing-personas-naturales-y-micro-May21,Tarifario Leasing Personas Naturales y Micro,Interés Moratorio - Nominal,Tasa de interés nominal anual por mora en pagos de leasing.,,Intereses,12.51,9.9,AMBAS,16/12/2021,2025-10-24,Anual,,Vigente desde 16/12/2021 | Cliente: Persona Natural | Segmento: Microempresa
BBVA_Continental,tarjetas-empresariales-ppjj,Tarjetas Empresariales - Personas Jurídicas,Tasa Nominal Anual de interés moratorio,Tasa anual por mora en el pago de la tarjeta de crédito empresarial.,,Interés Moratorio,12.51,9.9,AMBAS,29/03/2022,2025-10-24,Anual,,"El interés moratorio tiene por finalidad indemnizar la mora en el pago del crédito. En caso no cancele su pago mínimo (equivalente al pago total del mes), se le cobrará el interés moratorio. El cálculo se realizará aplicando la Tasa Nominal Anual de Interés Moratorio en función de los días de atraso, a partir del día siguiente del último día de pago de su tarjeta. Vigencia desde el 29/03/2022 | Condiciones: Aplica cuando no se cancela el pago mínimo. | Cliente: Persona Jurídica | Segmento: Empresas"
BBVA_Continental,tarjetas-empresariales-ppjj,Tarjetas Empresariales - Personas Jurídicas,Disposición en Efectivo,Tasa anual por disposición de efectivo con tarjeta de crédito empresarial.,,Disposición en Efectivo,35.0,35.0,AMBAS,01/08/2005,2025-10-24,Anual,,Cliente: Persona Jurídica | Segmento: Empresas
BBVA_Continental,tarjetas-empresariales-ppjj,Tarjetas Empresariales - Personas Jurídicas,Interés Moratorio,Tasa anual por mora en el pago de tarjeta de crédito empresarial.,,Interés Moratorio,10.0,10.0,AMBAS,21/07/2008,2025-10-24,Anual,,Cliente: Persona Jurídica | Segmento: Empresas
BBVA_Continental,tarjetas-empresariales-ppjj,Tarjetas Empresariales - Personas Jurídicas,Disposición en Efectivo,Tasa anual por disposición de efectivo con tarjeta de crédito empresarial.,,Disposición en Efectivo,60.1,26.0,AMBAS,01/08/2005,2025-10-24,Anual,,Cliente: Persona Jurídica | Segmento: Empresas
BBVA_Continental,tarjetas-empresariales-ppjj,Tarjetas Empresariales - Personas Jurídicas,Interés Moratorio,Tasa anual por mora en el pago de tarjeta de crédito empresarial.,,Interés Moratorio,10.0,5.0,AMBAS,21/07/2008,2025-10-24,Anual,,Cliente: Persona Jurídica | Segmento: Empresas
BBVA_Continental,tarifario-cuenta-activa,Tarifario Cuenta Activa,Cuenta Activa BBVA,Tasa de interés anual para la cuenta de ahorros Cuenta Activa BBVA,,Ahorro,0.0,0.0,AMBAS,05/08/2023,2025-10-24,Anual,,Vigente desde 05/08/2023 | Cliente: Persona Jurídica
BBVA_Continental,prestamo-locales-comerciales,Préstamo Locales Comerciales,Tasa Nominal Anual de Interés moratorio por incumplimiento de pago.,Tasa de interés moratorio anual por incumplimiento de pago de cuotas de préstamo.,,Interés Moratorio,15.28,12.44,AMBAS,14/11/2023,2025-10-24,Anual,,"La Tasa de Nominal Anual de Interés moratorio se aplica en caso de incumplimiento en el pago oportuno de la cuota de su préstamo, en función de los días de atraso. Aplica para Personas Naturales con Negocio y Microempresas. Vigente desde 14/11/2023 | Condiciones: En función de los días de atraso. Aplica para Personas Naturales con Negocio y Microempresas."
BBVA_Continental,CUENTA-FACIL,Cuenta Fácil,Tasa de interés de Cuenta Fácil,Tasa de interés anual para la Cuenta Fácil en moneda nacional y extranjera.,,Intereses,0.0,0.0,AMBAS,10/08/2020,2025-10-24,Anual,,Vigente desde 10/08/2020
BBVA_Continental,CUENTAS-CORRIENTES-PJ_CUENTA-NEGOCIO_ANTES-CUENTA-EMPRESAS,Cuentas Corrientes PJ - Cuenta Negocio (Antes Cuenta Empresas),Cuenta Negocio (Antes Cuenta Empresas),Tasa de interés anual del 0.00% para la Cuenta Negocio.,,Mantenimiento,0.0,0.0,AMBAS,02/11/2011,2025-10-24,,,Vigente desde 02/11/2011 | Cliente: Persona Jurídica
BBVA_Continental,CUENTAS-CORRIENTES-PJ_CUENTA-NEGOCIO_ANTES-CUENTA-EMPRESAS,Cuentas Corrientes PJ - Cuenta Negocio (Antes Cuenta Empresas),Sobregiro formalizado y No formalizado,Tasa de interés anual para sobregiros formalizados y no formalizados.,Interés Moratorio,Sobregiro,83.4,36.0,AMBAS,10/05/2021,2025-10-24,Anual,,Para Persona Natural con Negocio y Persona Jurídica Vigente desde 10/05/2021 | Condiciones: Para Persona Natural con Negocio y Persona Jurídica | Cliente: Persona Jurídica
BBVA_Continental,CUENTAS-CORRIENTES-PJ_CUENTA-NEGOCIO_ANTES-CUENTA-EMPRESAS,Cuentas Corrientes PJ - Cuenta Negocio (Antes Cuenta Empresas),Tasa Efectiva Anual de interés moratorio,"Tasa de interés moratorio anual para Euros, aplicable a pequeña empresa.",Interés Moratorio,Sobregiro,12.51,9.9,AMBAS,01/11/2021,2025-10-24,Anual,,Euros no aplica Vigente desde 01/11/2021 al 31/05/2022 Solo para pequeña empresa | Condiciones: Euros no aplica. Solo para pequeña empresa. | Cliente: Persona Jurídica
BBVA_Continental,CUENTAS-CORRIENTES-PJ_CUENTA-NEGOCIO_ANTES-CUENTA-EMPRESAS,Cuentas Corrientes PJ - Cuenta Negocio (Antes Cuenta Empresas),Tasa Efectiva Anual de interés moratorio,"Tasa de interés moratorio anual para Euros, aplicable a pequeña empresa.",Interés Moratorio,Sobregiro,12.51,10.0,AMBAS,01/06/2022,2025-10-24,Anual,,Euros no aplica Vigente desde 01/06/2022 | Condiciones: Euros no aplica. | Cliente: Persona Jurídica
BCP,Tarjeta_de_Crédito_Visa_CorporativaAdobe_PDF,Tarjeta de Crédito Visa Corporativa,Moneda Nacional,Tasa por disposición de efectivo en moneda nacional en ventanilla.,,Disposición de Efectivo,3.0,,PEN,10/03/2009,2025-10-24,,Por operación,Por operación | Cliente: Persona Jurídica | Segmento: Corporativo
BCP,Tarjeta_de_Crédito_Visa_CorporativaAdobe_PDF,Tarjeta de Crédito Visa Corporativa,Moneda Extranjera,Tasa por disposición de efectivo en moneda extranjera en ventanilla.,,Disposición de Efectivo,,3.0,USD,10/03/2009,2025-10-24,,Por operación,Por operación | Cliente: Persona Jurídica | Segmento: Corporativo
BCP,Tarjeta_de_Crédito_Visa_CorporativaAdobe_PDF,Tarjeta de Crédito Visa Corporativa,Moneda Nacional,Tasa por disposición de efectivo en moneda nacional en cajeros automáticos.,,Disposición de Efectivo,3.0,,PEN,10/03/2009,2025-10-24,,Por operación,Por operación | Cliente: Persona Jurídica | Segmento: Corporativo
BCP,Tarjeta_de_Crédito_Visa_CorporativaAdobe_PDF,Tarjeta de Crédito Visa Corporativa,Moneda Extranjera,Tasa por disposición de efectivo en moneda extranjera en cajeros automáticos.,,Disposición de Efectivo,,3.0,USD,10/03/2009,2025-10-24,,Por operación,Por operación | Cliente: Persona Jurídica | Segmento: Corporativo
BCP,Tarjeta_de_Crédito_Visa_CorporativaAdobe_PDF,Tarjeta de Crédito Visa Corporativa,Moneda Nacional,Tasa por disposición de efectivo en moneda nacional en cajeros automáticos de otros bancos.,,Disposición de Efectivo,3.0,,PEN,10/03/2009,2025-10-24,,Por operación,Por operación | Cliente: Persona Jurídica | Segmento: Corporativo
BCP,Tarjeta_de_Crédito_Visa_CorporativaAdobe_PDF,Tarjeta de Crédito Visa Corporativa,Moneda Extranjera,Tasa por disposición de efectivo en moneda extranjera en cajeros automáticos de otros bancos.,,Disposición de Efectivo,,3.0,USD,10/03/2009,2025-10-24,,Por operación,Por operación | Cliente: Persona Jurídica | Segmento: Corporativo
BCP,Tarjeta_de_Crédito_Visa_CorporativaAdobe_PDF,Tarjeta de Crédito Visa Corporativa,Servicio de Conversión de Moneda,Tasa por el servicio de conversión de moneda en operaciones.,,Servicio,3.0,,AMBAS,15/03/2013,2025-10-24,,Por operación,Por operación | Cliente: Persona Jurídica | Segmento: Corporativo
BCP,Cuenta_Corriente_Personal_Natural_de_NegocioAdobe_PDF,Cuenta Corriente Personal Natural de Negocio,"Para depósitos en efectivo por montos superiores a S/3,000 o $1,000","Comisión del 0.5% por depósitos en efectivo superiores a S/3,000 o $1,000.",,Comisión,0.5,,AMBAS,,2025-10-24,,Por operación,Por operación | Cliente: Persona Natural con Negocio
BCP,Cuenta_Corriente_Personal_Natural_de_NegocioAdobe_PDF,Cuenta Corriente Personal Natural de Negocio,"Para depósitos en efectivo por montos superiores a S/45,000 o $15,000","Comisión del 0.5% por depósitos en efectivo superiores a S/45,000 o $15,000.",,Comisión,0.5,,AMBAS,,2025-10-24,,Por operación,Por operación | Condiciones: Solo aplica para ciertas agencias. Consultar la relación en viabcp.com | Cliente: Persona Natural con Negocio
BCP,VentasAdobe_PDF,Ventas,Descuento de Letras,Tasa anual por descuento de letras con ingreso financiero mínimo.,,Descuento,32.0,,AMBAS,,2025-10-24,,,El ingreso financiero mínimo a cobrar será de S/ 50 en moneda soles y US$ 13.00 en moneda dólares por letra en ambos casos. | Condiciones: El ingreso financiero mínimo a cobrar será de S/ 50 en moneda soles y US$ 13.00 en moneda dólares por letra en ambos casos.
BCP,VentasAdobe_PDF,Ventas,Descuento de Facturas,Tasa anual por descuento de facturas con ingreso financiero mínimo.,,Descuento,32.0,,AMBAS,,2025-10-24,,,El ingreso financiero mínimo a cobrar será de S/ 50 en moneda soles y US$ 13.00 en moneda dólares por factura en ambos casos. | Condiciones: El ingreso financiero mínimo a cobrar será de S/ 50 en moneda soles y US$ 13.00 en moneda dólares por factura en ambos casos.
BCP,VentasAdobe_PDF,Ventas,Adelanto sobre Letras,Tasa anual por adelanto sobre letras con ingreso financiero mínimo.,,Adelanto,32.0,,AMBAS,,2025-10-24,,,El ingreso financiero mínimo a cobrar será de S/ 15 por letra. | Condiciones: El ingreso financiero mínimo a cobrar será de S/ 15 por letra.
BCP,VentasAdobe_PDF,Ventas,Adelanto sobre Facturas,Tasa anual por adelanto sobre facturas con ingreso financiero mínimo.,,Adelanto,32.0,,AMBAS,,2025-10-24,,,El ingreso financiero mínimo a cobrar será de S/ 15 por factura. | Condiciones: El ingreso financiero mínimo a cobrar será de S/ 15 por factura.
BCP,VentasAdobe_PDF,Ventas,Factoring Físico,"Tasa anual por factoring físico, incluyendo letras y facturas.",,Factoring,20.5,,AMBAS,,2025-10-24,,,Incluye el Factoring de Letras y Facturas | Condiciones: Incluye el Factoring de Letras y Facturas
BCP,VentasAdobe_PDF,Ventas,Factoring Electrónico (Cobra-T),Tasa anual por factoring electrónico (Cobra-T).,,Factoring,27.0,,AMBAS,,2025-10-24,,,
BCP,Tasa_de_Interés_MoratorioAdobe_PDF,Tasa de Interés Moratorio,Tasa de Interés Moratorio,Tasa anual aplicada a saldos en mora para diversos productos.,,Moratorio,12.51,,AMBAS,,2025-10-24,Anual,,"La tasa de interés moratorio nominal anual ascenderá a la indicada en el presente documento. En caso dicha tasa de interés moratorio supere la tasa máxima de interés legal admitida, se aplicará la tasa máxima establecida por el Banco Central de Reserva del Perú."
BCP,Capital_de_TrabajoAdobe_PDF,Capital de Trabajo,Financiamiento Inventarios,Tasa de interés anual para financiamiento de inventarios con garantía de warrants,,Financiamiento,30.0,,AMBAS,,2025-10-24,,,(Con garantía de warrants sobre mercadería de fácil realización) | Condiciones: Con garantía de warrants sobre mercadería de fácil realización
BCP,Capital_de_TrabajoAdobe_PDF,Capital de Trabajo,Tasa Fija Dólares,Tasa de interés anual fija en dólares para financiamiento de capital de trabajo,,Recursos Locales,,30.0,ME,,2025-10-24,,,
BCP,Capital_de_TrabajoAdobe_PDF,Capital de Trabajo,Tasa Fija Euros,Tasa de interés anual fija en euros para financiamiento de capital de trabajo,,Recursos Locales,,26.81,ME,,2025-10-24,,,
BCP,Capital_de_TrabajoAdobe_PDF,Capital de Trabajo,Tasa Fija Yenes,Tasa de interés anual fija en yenes para financiamiento de capital de trabajo,,Recursos Locales,,20.43,ME,,2025-10-24,,,
BCP,Capital_de_TrabajoAdobe_PDF,Capital de Trabajo,Tasa Variable Euros,Tasa de interés anual variable en euros para financiamiento de capital de trabajo,,Recursos Locales,,12.77,ME,,2025-10-24,,,
BCP,Capital_de_TrabajoAdobe_PDF,Capital de Trabajo,Tasa Variable Yenes,Tasa de interés anual variable en yenes para financiamiento de capital de trabajo,,Recursos Locales,,12.77,ME,,2025-10-24,,,
BCP,Capital_de_TrabajoAdobe_PDF,Capital de Trabajo,Tasa Fija Euros,Tasa de interés anual fija en euros para financiamiento de capital de trabajo con recursos del exterior,,Recursos del Exterior,,26.81,ME,,2025-10-24,,,
BCP,Capital_de_TrabajoAdobe_PDF,Capital de Trabajo,Tasa Fija Yenes,Tasa de interés anual fija en yenes para financiamiento de capital de trabajo con recursos del exterior,,Recursos del Exterior,,20.43,ME,,2025-10-24,,,
BCP,Capital_de_TrabajoAdobe_PDF,Capital de Trabajo,Tasa Variable Euros,Tasa de interés anual variable en euros para financiamiento de capital de trabajo con recursos del exterior,,Recursos del Exterior,,12.77,ME,,2025-10-24,,,
BCP,Capital_de_TrabajoAdobe_PDF,Capital de Trabajo,Tasa Variable Yenes,Tasa de interés anual variable en yenes para financiamiento de capital de trabajo con recursos del exterior,,Recursos del Exterior,,12.77,ME,,2025-10-24,,,
BCP,Capital_de_TrabajoAdobe_PDF,Capital de Trabajo,Financiamiento Agrícola Tasa Variable,Tasa de interés anual variable para financiamiento agrícola,,Financiamiento Agrícola,30.0,,AMBAS,,2025-10-24,,,
BCP,Capital_de_TrabajoAdobe_PDF,Capital de Trabajo,"Financiamiento Agrícola Tasa Fija (Descuentos, Pagarés y Préstamos)","Tasa de interés anual fija para financiamiento agrícola (descuentos, pagarés y préstamos)",,Financiamiento Agrícola,30.0,,AMBAS,,2025-10-24,,,
BCP,Capital_de_TrabajoAdobe_PDF,Capital de Trabajo,Crédito al Promotor de la Construcción,Tasa de interés anual para crédito al promotor de la construcción,,Crédito al Promotor,30.0,,AMBAS,,2025-10-24,,,
BCP,Capital_de_TrabajoAdobe_PDF,Capital de Trabajo,Autodesembolso,Tasa de interés anual para autodesembolso,,Autodesembolso,23.5,,AMBAS,,2025-10-24,,,
BCP,Capital_de_TrabajoAdobe_PDF,Capital de Trabajo,Compras Local,Tasa de interés anual para compras locales,,Compras Local,23.5,,AMBAS,,2025-10-24,,,
BCP,Capital_de_TrabajoAdobe_PDF,Capital de Trabajo,Compras Exterior,Tasa de interés anual para compras en el exterior,,Compras Exterior,23.5,,AMBAS,,2025-10-24,,,
BCP,Tarjeta_de_Crédito_American_ExpressAdobe_PDF,Tarjeta de Crédito American Express,American Express Clásica LATAM Pass - Tasas para Compras,Tasas de interés anual para compras con la tarjeta American Express Clásica LATAM Pass.,Compras,Financiamiento,83.4,95.9,AMBAS,,2025-10-24,Anual,,Cliente: Persona Natural
BCP,Tarjeta_de_Crédito_American_ExpressAdobe_PDF,Tarjeta de Crédito American Express,Tasas para Disposición de Efectivo - American Express Clásica LATAM Pass,Tasa de interés anual para retiros de efectivo con la tarjeta American Express Clásica LATAM Pass.,Disposición de Efectivo,Financiamiento,107.0,107.0,AMBAS,01 de marzo 2023,2025-10-24,Anual,,Cliente: Persona Natural
BCP,Tarjeta_de_Crédito_American_ExpressAdobe_PDF,Tarjeta de Crédito American Express,Tasa de interés moratorio nominal anual - American Express Clásica LATAM Pass,Tasa de interés anual por mora en pagos de la tarjeta American Express Clásica LATAM Pass.,Interés Moratorio,Financiamiento,12.51,10.26,AMBAS,,2025-10-24,Anual,,"La tasa de interés moratorio ascenderá a 12.51% en soles y a 10.26% en dólares. En caso dicha tasa de interés moratorio supere la tasa máxima de interés legal admitida, se aplicará la tasa máxima establecida por el BCR. | Condiciones: Supera la tasa máxima de interés legal admitida, se aplicará la tasa máxima establecida por el BCR. | Cliente: Persona Natural"
BCP,Tarjeta_de_Crédito_American_ExpressAdobe_PDF,Tarjeta de Crédito American Express,American Express Oro LATAM Pass - Tasas para Compras,Tasas de interés anual para compras con la tarjeta American Express Oro LATAM Pass.,Compras,Financiamiento,65.0,95.9,AMBAS,,2025-10-24,Anual,,Cliente: Persona Natural
BCP,Tarjeta_de_Crédito_American_ExpressAdobe_PDF,Tarjeta de Crédito American Express,Tasas para Disposición de Efectivo - American Express Oro LATAM Pass,Tasa de interés anual para retiros de efectivo con la tarjeta American Express Oro LATAM Pass.,Disposición de Efectivo,Financiamiento,107.0,107.0,AMBAS,01 de marzo 2023,2025-10-24,Anual,,Cliente: Persona Natural
BCP,Tarjeta_de_Crédito_American_ExpressAdobe_PDF,Tarjeta de Crédito American Express,Tasa de interés moratorio nominal anual - American Express Oro LATAM Pass,Tasa de interés anual por mora en pagos de la tarjeta American Express Oro LATAM Pass.,Interés Moratorio,Financiamiento,12.51,10.26,AMBAS,,2025-10-24,Anual,,"La tasa de interés moratorio ascenderá a 12.51% en soles y a 10.26% en dólares. En caso dicha tasa de interés moratorio supere la tasa máxima de interés legal admitida, se aplicará la tasa máxima establecida por el BCR. | Condiciones: Supera la tasa máxima de interés legal admitida, se aplicará la tasa máxima establecida por el BCR. | Cliente: Persona Natural"
BCP,Tarjeta_de_Crédito_American_ExpressAdobe_PDF,Tarjeta de Crédito American Express,American Express Platinum LATAM Pass - Tasas para Compras,Tasas de interés anual para compras con la tarjeta American Express Platinum LATAM Pass.,Compras,Financiamiento,57.0,95.9,AMBAS,,2025-10-24,Anual,,Cliente: Persona Natural
BCP,Tarjeta_de_Crédito_American_ExpressAdobe_PDF,Tarjeta de Crédito American Express,Tasas para Disposición de Efectivo - American Express Platinum LATAM Pass,Tasa de interés anual para retiros de efectivo con la tarjeta American Express Platinum LATAM Pass.,Disposición de Efectivo,Financiamiento,107.0,107.0,AMBAS,01 de marzo 2023,2025-10-24,Anual,,Cliente: Persona Natural
BCP,Tarjeta_de_Crédito_American_ExpressAdobe_PDF,Tarjeta de Crédito American Express,Tasa de interés moratorio nominal anual - American Express Platinum LATAM Pass,Tasa de interés anual por mora en pagos de la tarjeta American Express Platinum LATAM Pass.,Interés Moratorio,Financiamiento,12.51,10.26,AMBAS,,2025-10-24,Anual,,"La tasa de interés moratorio ascenderá a 12.51% en soles y a 10.26% en dólares. En caso dicha tasa de interés moratorio supere la tasa máxima de interés legal admitida, se aplicará la tasa máxima establecida por el BCR. | Condiciones: Supera la tasa máxima de interés legal admitida, se aplicará la tasa máxima establecida por el BCR. | Cliente: Persona Natural"
BCP,Tarjeta_de_Crédito_American_ExpressAdobe_PDF,Tarjeta de Crédito American Express,American Express Black LATAM Pass - Tasas para Compras,Tasas de interés anual para compras con la tarjeta American Express Black LATAM Pass.,Compras,Financiamiento,49.0,95.9,AMBAS,,2025-10-24,Anual,,Cliente: Persona Natural
BCP,Tarjeta_de_Crédito_American_ExpressAdobe_PDF,Tarjeta de Crédito American Express,Tasas para Disposición de Efectivo - American Express Black LATAM Pass,Tasa de interés anual para retiros de efectivo con la tarjeta American Express Black LATAM Pass.,Disposición de Efectivo,Financiamiento,95.9,95.9,AMBAS,01 de marzo 2023,2025-10-24,Anual,,Cliente: Persona Natural
BCP,Tarjeta_de_Crédito_American_ExpressAdobe_PDF,Tarjeta de Crédito American Express,Tasa de interés moratorio nominal anual - American Express Black LATAM Pass,Tasa de interés anual por mora en pagos de la tarjeta American Express Black LATAM Pass.,Interés Moratorio,Financiamiento,12.51,10.26,AMBAS,,2025-10-24,Anual,,"La tasa de interés moratorio ascenderá a 12.51% en soles y a 10.26% en dólares. En caso dicha tasa de interés moratorio supere la tasa máxima de interés legal admitida, se aplicará la tasa máxima establecida por el BCR. | Condiciones: Supera la tasa máxima de interés legal admitida, se aplicará la tasa máxima establecida por el BCR. | Cliente: Persona Natural"
BCP,Depósito_CTSAdobe_PDF,Depósito CTS,Depósito CTS,"Tasa Anual Efectiva (TEA) para depósitos CTS en moneda extranjera de US$ 0 a US$ 5,000.",,Depósito,,0.5,ME,,2025-10-24,Anual,,"Condiciones: US$ 0 a US$ 5,000"
BCP,Depósito_CTSAdobe_PDF,Depósito CTS,Depósito CTS,"Tasa Anual Efectiva (TEA) para depósitos CTS en moneda extranjera de US$ 5,000.01 a US$ 50,000.",,Depósito,,0.75,ME,,2025-10-24,Anual,,"Condiciones: US$ 5,000.01 a US$ 50,000"
BCP,Depósito_CTSAdobe_PDF,Depósito CTS,Depósito CTS,"Tasa Anual Efectiva (TEA) para depósitos CTS en moneda extranjera de más de US$ 50,000.",,Depósito,,1.0,ME,,2025-10-24,Anual,,"Condiciones: Mas de US$ 50,000"
BCP,Saldos_Deudores_en_Cuenta_CorrienteAdobe_PDF,Saldos Deudores en Cuenta Corriente,Saldos Deudores en Cuenta Corriente,Tasa anual por saldos deudores en cuenta corriente no cubiertos al final del día.,,Interés,87.91,,AMBAS,,2025-10-24,Anual,Al final del día,Saldos Deudores que se toman en Cuenta Corriente y NO son cubiertos hasta antes de las 09:15 P.M. horas del día. | Condiciones: Saldos no cubiertos antes de las 09:15 PM
BCP,Tasas_para_las_Operaciones_Activas_que_no_figuran_en_esta_directivaAdobe_PDF,Tasas para las Operaciones Activas que no figuran en esta directiva,TASAS PARA LAS OPERACIONES ACTIVAS QUE NO FIGURAN EN ESTA DIRECTIVA,Tasa anual efectiva para operaciones de crédito no detalladas en la directiva.,,Operaciones Activas,25.0,,AMBAS,,2025-10-24,Anual,,TEA expresada en 360 días | TEA expresada en 360 días
BCP,Crédito_con_Garantía_HipotecariaAdobe_PDF,Crédito con Garantía Hipotecaria,Crédito Efectivo - Garantía Líquida - Tipo de Garantía: Depósitos a Plazo y CBME,Tasa de interés anual para crédito efectivo con garantía de depósitos a plazo y CBME.,,Crédito Efectivo,11.0,,AMBAS,,2025-10-24,,,"Condiciones: Monto mínimo S/ 7,500"
BCP,Crédito_con_Garantía_HipotecariaAdobe_PDF,Crédito con Garantía Hipotecaria,Crédito Efectivo - Garantía Líquida - Tipo de Garantía: Fondos Mutuos,Tasa de interés anual para crédito efectivo con garantía de fondos mutuos.,,Crédito Efectivo,12.0,,AMBAS,,2025-10-24,,,"Condiciones: Monto mínimo S/ 7,500"
BCP,Financiamiento_ElectrónicoAdobe_PDF,Financiamiento Electrónico,Comisión de Prepago,Tasa anual por prepago de financiamientos electrónicos para empresas.,,Financiamientos Electrónicos,1.5,1.5,AMBAS,22/11/2024,2025-10-24,Anual,Por prepago,Esta comisión aplica para operaciones que cumplan con lo siguiente: Operaciones de más de 180 días y el plazo remanente de la operación es mayor a 45 días. | Condiciones: Operaciones de más de 180 días y plazo remanente mayor a 45 días. | Cliente: Empresa
Interbank,TAR_0052t1688483302508,,Interés moratorio,Tasa de interés aplicada por mora en el pago de obligaciones.,,Moratoria,,24.0,ME,,2025-10-24,,Desde el primer día de vencimiento con cargo en cuenta.,Los intereses moratorios se devengarán a partir del 1er. día después del vencimiento de la factura. (2)
Interbank,TAR_0140t1688483302507,,Consumos revolventes (1),Tasa de interés anual para consumos revolventes en tarjetas de crédito.,,Consumos Revolventes,,26.08,ME,,2025-10-24,Mensual,,Mensual
Interbank,TAR_0140t1688483302507,,Visa Empresarial,Tasa de interés anual para consumos revolventes de tarjetas Visa Empresarial.,,Consumos Revolventes,39.94,26.08,AMBAS,,2025-10-24,Mensual,,Mensual
Interbank,TAR_0140t1688483302507,,Mastercard Corporate,Tasa de interés anual para consumos revolventes de tarjetas Mastercard Corporate.,,Consumos Revolventes,39.94,26.08,AMBAS,,2025-10-24,Mensual,,Mensual
Interbank,TAR_0140t1688483302507,,Visa Empresarial,Tasa de interés anual por disposición de efectivo en tarjetas Visa Empresarial.,,Disposición de Efectivo,60.1,26.08,AMBAS,,2025-10-24,Mensual,,Mensual
Interbank,TAR_0140t1688483302507,,Mastercard Corporate,Tasa de interés anual por disposición de efectivo en tarjetas Mastercard Corporate.,,Disposición de Efectivo,60.1,26.08,AMBAS,,2025-10-24,Mensual,,Mensual
Interbank,TAR_0140t1688483302507,,Interés compensatorio anual para cuentas en mora - TEA (10),Tasa de interés anual por mora en cuentas.,,Incumplimiento,39.94,26.08,AMBAS,,2025-10-24,,Desde el primer día de mora.,Desde el primer día de mora.
Interbank,TAR_0140t1688483302507,,Interés moratorio anual - TEA (11),Tasa de interés moratorio anual por incumplimiento de pago.,,Incumplimiento,39.94,26.08,AMBAS,,2025-10-24,,Desde el primer día de mora.,Desde el primer día de mora.
Interbank,TAR_0202t1696348229524,Tarifario General,Tasa de interés compensatoria nominal anual fija,Tasa de interés anual fija para saldos deudores en moneda nacional y extranjera.,Interés Compensatorio,Financiamiento,26.252,24.942,AMBAS,,2025-10-24,Mensual,,Año Base de 360 días. Durante la vigencia del contrato las tasas de interés podrán variar de acuerdo a lo establecido en la legislación aplicable.
Interbank,TAR_0202t1696348229524,Tarifario General,Tasa de interés moratorio nominal,"Tasa de interés por mora en pagos de cuotas, aplicable en moneda nacional y extranjera.",Interés Moratorio,Financiamiento,11.845,9.49,AMBAS,,2025-10-24,,Desde el primer día de atraso.,"Se calcula sobre el importe de cuota vencida desde el primer día de atraso. No incluye costos o gastos notariales o judiciales que estarán a cargo del cliente en caso incurra en cobranza judicial o prejudicial. Si el cliente se atrasa en pagar la deuda, será reportado a la Central de Riesgo, sobre la base de lo establecido por las disposiciones legales vigentes al momento del incumplimiento. El interés moratorio es equivalente al 15% de la tasa máxima de interés convencional compensatorio publicado por el BCR, y varía cada 6 meses (mayo y noviembre) por lo que la actualización de la tasa de interés moratorio lo puede revisar en www.interbank.pe. Se aplica de forma adicional a la tasa de interés convencional compensatorio de la cuenta en la moneda correspondiente: MN (Moneda Nacional) y ME (Moneda Extranjera). Se aplica sobre el saldo pendiente de pago, a partir del día siguiente del vencimiento de tu fecha de pago, siempre y cuando no se haya cumplido con el pago mínimo del mes."
Interbank,TAR_0244t1252638503,,Tasa de interés compensatoria nominal anual fija,Tasa de interés anual fija para créditos.,,Interés Compensatorio,26.252,24.942,AMBAS,,2025-10-24,Mensual,,1. Tasa de interés compensatoria nominal anual fija
Interbank,TAR_0244t1252638503,,Tasa de interés moratorio nominal anual,Tasa de interés anual por mora en pagos de créditos.,,Interés Moratorio,12.51,9.912,AMBAS,,2025-10-24,,Desde el primer día de atraso.,2. Tasa de interés moratorio nominal anual(2)(4)
Interbank,TAR_0073t1664485172904,,Tasa de interés compensatoria efectiva anual fija,"Tasa anual fija para el costo del crédito, sujeta a evaluación crediticia.",,Interés Compensatorio,11.99,11.99,AMBAS,,2025-10-24,Mensual,,Año base 360 días. Las tasas de interés están sujetas a la evaluación crediticia del cliente y durante la vigencia del contrato.
Interbank,TAR_0073t1664485172904,,Tasa de interés moratorio nominal anual,"Tasa aplicada sobre cuotas vencidas y no pagadas, generando intereses adicionales.",,Interés Moratorio,12.51,9.91,AMBAS,,2025-10-24,,Al 1er día de vencida cada cuota.,"El cliente no tiene la obligación de tomar el seguro de interbank, puede endosar el suyo (ya existente) a favor de interbank y/o"
Interbank,TAR_0024t1696348229524,,Tasa de interés compensatoria efectiva anual,"Tasa anual efectiva para el costo del crédito, aplicada mensualmente.",,Interés Compensatorio,0.0,0.0,AMBAS,,2025-10-24,Mensual,,"Se aplica al saldo diario en cuenta, con un año base de 360 días. Capitalización y abono de intereses, mensual. Tasa de interés sujetas a las condiciones de mercado."
Interbank,TAR_0020t1701123546311,,Cuenta acreedora - Tasa de interés efectiva anual (TEA),Tasa anual para cuentas de ahorro sin movimiento ni intereses,,Cuenta Acreedora,0.0,0.0,AMBAS,,2025-10-24,Anual,,0.00%
Interbank,TAR_0020t1701123546311,,Interés en caso de sobregiro - Tasa de interés compensatoria efectiva anual (TEA),Tasa anual por intereses compensatorios en caso de sobregiro en cuenta,,Sobregiro,55.55,25.0,AMBAS,,2025-10-24,Anual,,
Interbank,TAR_0020t1701123546311,,Interés en caso de sobregiro - Tasa de interés moratoria efectiva anual,Tasa anual por intereses moratorios en caso de sobregiro en cuenta,,Sobregiro,12.42,3.0,AMBAS,,2025-10-24,Anual,,
Interbank,TAR_0074t1664485172903,,Tasa de interés moratoria nominal anual,Tasa de interés aplicada por atraso en el pago de cuotas.,Moratoria,Interés,12.51,,MN,,2025-10-24,,Al 1er día de vencida la cuota.,9. Tasa de interés moratoria nominal anual (14)
Interbank,TAR_0244t2052618540,,Tasa de interés compensatoria nominal anual fija,Tasa anual fija para el costo del crédito en moneda nacional y extranjera.,,Compensatoria,26.252,24.942,AMBAS,,2025-10-24,Mensual,,Año Base de 360 días. Durante la vigencia del contrato las tasas de interés podrán variar de acuerdo a lo establecido en la legislación aplicable.
Interbank,TAR_0244t2052618540,,Tasa de interés moratorio nominal anual,Tasa anual para intereses generados por pagos atrasados de cuotas.,,Moratoria,12.51,9.912,AMBAS,,2025-10-24,,Desde el primer día de atraso.,"Se calcula sobre el importe de cuota vencida desde el primer día de atraso. No incluye costos o gastos notariales o judiciales que estarán a cargo del cliente en caso incurra en cobranza judicial o prejudicial. Si el cliente se atrasa en pagar la deuda, será reportado a la Central de Riesgo, sobre la base de lo establecido por las disposiciones legales vigentes al momento del incumplimiento."
Interbank,TAR_0013t1696348229524,,Tasas de interés efectiva anual (TEA),"Tasa de interés anual para depósitos, con restricciones de retiro.",,Interés Compensatorio,0.0,0.0,AMBAS,,2025-10-24,,Al finalizar el plazo.,"No se permiten retiros. Si la cuenta se cancela antes del vencimiento del plazo, devuelve capital. El plazo del depósito es treinta y un (31) días, renovable automáticamente."
Interbank,TAR_0067t1664485172904,,Tasa de interés compensatoria efectiva anual fija,Tasa de interés anual fija para diferentes tipos de préstamos.,,Interés Compensatorio,14.0,14.0,AMBAS,,2025-10-24,Mensual,,
Interbank,TAR_0067t1664485172904,,Préstamo Fácil,Tasa de interés anual fija para Préstamo Fácil.,,Interés Compensatorio,14.0,14.0,AMBAS,,2025-10-24,Mensual,,
Interbank,TAR_0067t1664485172904,,Con depósito en garantía,Tasa de interés anual fija para préstamos con depósito en garantía.,,Interés Compensatorio,13.99,13.99,AMBAS,,2025-10-24,Mensual,,
Interbank,TAR_0067t1664485172904,,Préstamo Express,Tasa de interés anual fija para Préstamo Express.,,Interés Compensatorio,14.0,14.0,AMBAS,,2025-10-24,Mensual,,
Interbank,TAR_0067t1664485172904,,Préstamo por Convenio Privado,Tasa de interés anual fija para Préstamo por Convenio Privado.,,Interés Compensatorio,12.0,12.0,AMBAS,,2025-10-24,Mensual,,
Interbank,TAR_0067t1664485172904,,Tasa de interés moratorio nominal anual,Tasa de interés aplicada por incumplimiento en el pago de cuotas.,,Interés Moratorio,12.51,9.91,AMBAS,,2025-10-24,,Al 1er día de vencida cada cuota.,
Interbank,TAR_0225t1696610001016,,Consumos revolventes y cuotas fijas,Tasa de interés anual para consumos revolventes y en cuotas fijas.,,Interés Compensatorio,19.42,19.42,AMBAS,,2025-10-24,,,
Interbank,TAR_0225t1696610001016,,"Disposición de efectivo, casinos y sobregiro","Tasa de interés anual para disposición de efectivo, casinos y sobregiros.",,Interés Compensatorio,26.68,26.68,AMBAS,,2025-10-24,,,
Interbank,TAR_0068t1664485172903,Tarifario Hipotecario,"Tasa de interés compensatoria efectiva anual fija - Moneda extranjera - De US$ 7,000.00 a US$ 60,000.00 - De 5 a 10 años","Tasa anual fija para créditos hipotecarios en dólares, montos medios y plazos cortos.",,Compensatoria,,8.5,ME,,2025-10-24,Mensual,,"Moneda extranjera
De US$ 7,000.00 a US$ 60,000.00(3)(4)
-De 5 a 10 años | Condiciones: De 5 a 10 años"
Interbank,TAR_0068t1664485172903,Tarifario Hipotecario,"Tasa de interés compensatoria efectiva anual fija - Moneda extranjera - De US$ 7,000.00 a US$ 60,000.00 - De 11 a 15 años","Tasa anual fija para créditos hipotecarios en dólares, montos medios y plazos intermedios.",,Compensatoria,,8.6,ME,,2025-10-24,Mensual,,"Moneda extranjera
De US$ 7,000.00 a US$ 60,000.00(3)(4)
-De 11 a 15 años | Condiciones: De 11 a 15 años"
Interbank,TAR_0068t1664485172903,Tarifario Hipotecario,"Tasa de interés compensatoria efectiva anual fija - Moneda extranjera - De US$ 7,000.00 a US$ 60,000.00 - De 16 a 20 años","Tasa anual fija para créditos hipotecarios en dólares, montos medios y plazos largos.",,Compensatoria,,8.7,ME,,2025-10-24,Mensual,,"Moneda extranjera
De US$ 7,000.00 a US$ 60,000.00(3)(4)
-De 16 a 20 años | Condiciones: De 16 a 20 años"
Interbank,TAR_0068t1664485172903,Tarifario Hipotecario,"Tasa de interés compensatoria efectiva anual fija - Moneda extranjera - De US$ 7,000.00 a US$ 60,000.00 - De 21 a 30 años","Tasa anual fija para créditos hipotecarios en dólares, montos medios y plazos muy largos.",,Compensatoria,,8.8,ME,,2025-10-24,Mensual,,"Moneda extranjera
De US$ 7,000.00 a US$ 60,000.00(3)(4)
-De 21 a 30 años | Condiciones: De 21 a 30 años"
Interbank,TAR_0068t1664485172903,Tarifario Hipotecario,"Tasa de interés compensatoria efectiva anual fija - Moneda extranjera - De US$ 60,001.00 a US$ 120,000.00 - De 5 a 10 años","Tasa anual fija para créditos hipotecarios en dólares, montos altos y plazos cortos.",,Compensatoria,,8.1,ME,,2025-10-24,Mensual,,"Moneda extranjera
De US$ 60,001.00 a US$ 120,000.00(3)(4)
-De 5 a 10 años | Condiciones: De 5 a 10 años"
Interbank,TAR_0068t1664485172903,Tarifario Hipotecario,"Tasa de interés compensatoria efectiva anual fija - Moneda extranjera - De US$ 60,001.00 a US$ 120,000.00 - De 11 a 15 años","Tasa anual fija para créditos hipotecarios en dólares, montos altos y plazos intermedios.",,Compensatoria,,8.2,ME,,2025-10-24,Mensual,,"Moneda extranjera
De US$ 60,001.00 a US$ 120,000.00(3)(4)
-De 11 a 15 años | Condiciones: De 11 a 15 años"
Interbank,TAR_0068t1664485172903,Tarifario Hipotecario,"Tasa de interés compensatoria efectiva anual fija - Moneda extranjera - De US$ 60,001.00 a US$ 120,000.00 - De 16 a 20 años","Tasa anual fija para créditos hipotecarios en dólares, montos altos y plazos largos.",,Compensatoria,,8.3,ME,,2025-10-24,Mensual,,"Moneda extranjera
De US$ 60,001.00 a US$ 120,000.00(3)(4)
-De 16 a 20 años | Condiciones: De 16 a 20 años"
Interbank,TAR_0068t1664485172903,Tarifario Hipotecario,"Tasa de interés compensatoria efectiva anual fija - Moneda extranjera - De US$ 60,001.00 a US$ 120,000.00 - De 21 a 30 años","Tasa anual fija para créditos hipotecarios en dólares, montos altos y plazos muy largos.",,Compensatoria,,8.4,ME,,2025-10-24,Mensual,,"Moneda extranjera
De US$ 60,001.00 a US$ 120,000.00(3)(4)
-De 21 a 30 años | Condiciones: De 21 a 30 años"
Interbank,TAR_0068t1664485172903,Tarifario Hipotecario,"Tasa de interés compensatoria efectiva anual fija - Moneda extranjera - De US$ 120,001.00 a US$ 180,000.00 - De 5 a 10 años","Tasa anual fija para créditos hipotecarios en dólares, montos muy altos y plazos cortos.",,Compensatoria,,8.1,ME,,2025-10-24,Mensual,,"Moneda extranjera
De US$ 120,001.00 a US$ 180,000.00(3)(4)
-De 5 a 10 años | Condiciones: De 5 a 10 años"
Interbank,TAR_0068t1664485172903,Tarifario Hipotecario,"Tasa de interés compensatoria efectiva anual fija - Moneda extranjera - De US$ 120,001.00 a US$ 180,000.00 - De 11 a 15 años","Tasa anual fija para créditos hipotecarios en dólares, montos muy altos y plazos intermedios.",,Compensatoria,,8.2,ME,,2025-10-24,Mensual,,"Moneda extranjera
De US$ 120,001.00 a US$ 180,000.00(3)(4)
-De 11 a 15 años | Condiciones: De 11 a 15 años"
Interbank,TAR_0068t1664485172903,Tarifario Hipotecario,"Tasa de interés compensatoria efectiva anual fija - Moneda extranjera - De US$ 120,001.00 a US$ 180,000.00 - De 16 a 20 años","Tasa anual fija para créditos hipotecarios en dólares, montos muy altos y plazos largos.",,Compensatoria,,8.3,ME,,2025-10-24,Mensual,,"Moneda extranjera
De US$ 120,001.00 a US$ 180,000.00(3)(4)
-De 16 a 20 años | Condiciones: De 16 a 20 años"
Interbank,TAR_0068t1664485172903,Tarifario Hipotecario,"Tasa de interés compensatoria efectiva anual fija - Moneda extranjera - De US$ 120,001.00 a US$ 180,000.00 - De 21 a 30 años","Tasa anual fija para créditos hipotecarios en dólares, montos muy altos y plazos muy largos.",,Compensatoria,,8.4,ME,,2025-10-24,Mensual,,"Moneda extranjera
De US$ 120,001.00 a US$ 180,000.00(3)(4)
-De 21 a 30 años | Condiciones: De 21 a 30 años"
Interbank,TAR_0068t1664485172903,Tarifario Hipotecario,"Tasa de interés compensatoria efectiva anual fija - Moneda extranjera - Más de US$ 180,000.00 - De 5 a 10 años","Tasa anual fija para créditos hipotecarios en dólares, montos muy altos y plazos cortos.",,Compensatoria,,7.8,ME,,2025-10-24,Mensual,,"Moneda extranjera
Más de US$ 180,000.00(3)(4)
-De 5 a 10 años | Condiciones: De 5 a 10 años"
Interbank,TAR_0068t1664485172903,Tarifario Hipotecario,"Tasa de interés compensatoria efectiva anual fija - Moneda extranjera - Más de US$ 180,000.00 - De 11 a 15 años","Tasa anual fija para créditos hipotecarios en dólares, montos muy altos y plazos intermedios.",,Compensatoria,,7.9,ME,,2025-10-24,Mensual,,"Moneda extranjera
Más de US$ 180,000.00(3)(4)
-De 11 a 15 años | Condiciones: De 11 a 15 años"
Interbank,TAR_0068t1664485172903,Tarifario Hipotecario,"Tasa de interés compensatoria efectiva anual fija - Moneda extranjera - Más de US$ 180,000.00 - De 16 a 20 años","Tasa anual fija para créditos hipotecarios en dólares, montos muy altos y plazos largos.",,Compensatoria,,8.0,ME,,2025-10-24,Mensual,,"Moneda extranjera
Más de US$ 180,000.00(3)(4)
-De 16 a 20 años | Condiciones: De 16 a 20 años"
Interbank,TAR_0068t1664485172903,Tarifario Hipotecario,"Tasa de interés compensatoria efectiva anual fija - Moneda extranjera - Más de US$ 180,000.00 - De 21 a 30 años","Tasa anual fija para créditos hipotecarios en dólares, montos muy altos y plazos muy largos.",,Compensatoria,,8.1,ME,,2025-10-24,Mensual,,"Moneda extranjera
Más de US$ 180,000.00(3)(4)
-De 21 a 30 años | Condiciones: De 21 a 30 años"
Interbank,TAR_0068t1664485172903,Tarifario Hipotecario,"Tasa de interés compensatoria efectiva anual fija - Moneda nacional - De S/ 20,000.00 a S/ 200,000.00 - De 5 a 10 años","Tasa anual fija para créditos hipotecarios en soles, montos medios y plazos cortos.",,Compensatoria,8.7,,MN,,2025-10-24,Mensual,,"Moneda nacional
De S/ 20,000.00 a S/ 200,000.00(3)(4)
-De 5 a 10 años | Condiciones: De 5 a 10 años"
Interbank,TAR_0068t1664485172903,Tarifario Hipotecario,"Tasa de interés compensatoria efectiva anual fija - Moneda nacional - De S/ 20,000.00 a S/ 200,000.00 - De 11 a 15 años","Tasa anual fija para créditos hipotecarios en soles, montos medios y plazos intermedios.",,Compensatoria,9.1,,MN,,2025-10-24,Mensual,,"Moneda nacional
De S/ 20,000.00 a S/ 200,000.00(3)(4)
-De 11 a 15 años | Condiciones: De 11 a 15 años"
Interbank,TAR_0068t1664485172903,Tarifario Hipotecario,"Tasa de interés compensatoria efectiva anual fija - Moneda nacional - De S/ 20,000.00 a S/ 200,000.00 - De 16 a 20 años","Tasa anual fija para créditos hipotecarios en soles, montos medios y plazos largos.",,Compensatoria,9.5,,MN,,2025-10-24,Mensual,,"Moneda nacional
De S/ 20,000.00 a S/ 200,000.00(3)(4)
-De 16 a 20 años | Condiciones: De 16 a 20 años"
Interbank,TAR_0068t1664485172903,Tarifario Hipotecario,"Tasa de interés compensatoria efectiva anual fija - Moneda nacional - De S/ 20,000.00 a S/ 200,000.00 - De 21 a 30 años","Tasa anual fija para créditos hipotecarios en soles, montos medios y plazos muy largos.",,Compensatoria,9.6,,MN,,2025-10-24,Mensual,,"Moneda nacional
De S/ 20,000.00 a S/ 200,000.00(3)(4)
-De 21 a 30 años | Condiciones: De 21 a 30 años"
Interbank,TAR_0068t1664485172903,Tarifario Hipotecario,"Tasa de interés compensatoria efectiva anual fija - Moneda nacional - De S/ 200,000.00 a S/ 400,000.00 - De 5 a 10 años","Tasa anual fija para créditos hipotecarios en soles, montos altos y plazos cortos.",,Compensatoria,8.2,,MN,,2025-10-24,Mensual,,"Moneda nacional
De S/ 200,000.00 a S/ 400,000.00(3)(4)
-De 5 a 10 años | Condiciones: De 5 a 10 años"
Interbank,TAR_0068t1664485172903,Tarifario Hipotecario,"Tasa de interés compensatoria efectiva anual fija - Moneda nacional - De S/ 200,000.00 a S/ 400,000.00 - De 11 a 15 años","Tasa anual fija para créditos hipotecarios en soles, montos altos y plazos intermedios.",,Compensatoria,8.6,,MN,,2025-10-24,Mensual,,"Moneda nacional
De S/ 200,000.00 a S/ 400,000.00(3)(4)
-De 11 a 15 años | Condiciones: De 11 a 15 años"
Interbank,TAR_0068t1664485172903,Tarifario Hipotecario,"Tasa de interés compensatoria efectiva anual fija - Moneda nacional - De S/ 200,000.00 a S/ 400,000.00 - De 16 a 20 años","Tasa anual fija para créditos hipotecarios en soles, montos altos y plazos largos.",,Compensatoria,8.9,,MN,,2025-10-24,Mensual,,"Moneda nacional
De S/ 200,000.00 a S/ 400,000.00(3)(4)
-De 16 a 20 años | Condiciones: De 16 a 20 años"
Interbank,TAR_0068t1664485172903,Tarifario Hipotecario,"Tasa de interés compensatoria efectiva anual fija - Moneda nacional - De S/ 200,000.00 a S/ 400,000.00 - De 21 a 30 años","Tasa anual fija para créditos hipotecarios en soles, montos altos y plazos muy largos.",,Compensatoria,9.1,,MN,,2025-10-24,Mensual,,"Moneda nacional
De S/ 200,000.00 a S/ 400,000.00(3)(4)
-De 21 a 30 años | Condiciones: De 21 a 30 años"
Interbank,TAR_0068t1664485172903,Tarifario Hipotecario,"Tasa de interés compensatoria efectiva anual fija - Moneda nacional - De S/ 400,000.00 a S/ 600,000.00 - De 5 a 10 años","Tasa anual fija para créditos hipotecarios en soles, montos muy altos y plazos cortos.",,Compensatoria,8.1,,MN,,2025-10-24,Mensual,,"Moneda nacional
De S/ 400,000.00 a S/ 600,000.00(3)(4)
-De 5 a 10 años | Condiciones: De 5 a 10 años"
Interbank,TAR_0068t1664485172903,Tarifario Hipotecario,"Tasa de interés compensatoria efectiva anual fija - Moneda nacional - De S/ 400,000.00 a S/ 600,000.00 - De 11 a 15 años","Tasa anual fija para créditos hipotecarios en soles, montos muy altos y plazos intermedios.",,Compensatoria,8.5,,MN,,2025-10-24,Mensual,,"Moneda nacional
De S/ 400,000.00 a S/ 600,000.00(3)(4)
-De 11 a 15 años | Condiciones: De 11 a 15 años"
Interbank,TAR_0068t1664485172903,Tarifario Hipotecario,"Tasa de interés compensatoria efectiva anual fija - Moneda nacional - De S/ 400,000.00 a S/ 600,000.00 - De 16 a 20 años","Tasa anual fija para créditos hipotecarios en soles, montos muy altos y plazos largos.",,Compensatoria,8.8,,MN,,2025-10-24,Mensual,,"Moneda nacional
De S/ 400,000.00 a S/ 600,000.00(3)(4)
-De 16 a 20 años | Condiciones: De 16 a 20 años"
Interbank,TAR_0068t1664485172903,Tarifario Hipotecario,"Tasa de interés compensatoria efectiva anual fija - Moneda nacional - De S/ 400,000.00 a S/ 600,000.00 - De 21 a 30 años","Tasa anual fija para créditos hipotecarios en soles, montos muy altos y plazos muy largos.",,Compensatoria,9.0,,MN,,2025-10-24,Mensual,,"Moneda nacional
De S/ 400,000.00 a S/ 600,000.00(3)(4)
-De 21 a 30 años | Condiciones: De 21 a 30 años"
Interbank,TAR_0068t1664485172903,Tarifario Hipotecario,"Tasa de interés compensatoria efectiva anual fija - Moneda nacional - Más de S/ 600,000.00 - De 5 a 10 años","Tasa anual fija para créditos hipotecarios en soles, montos muy altos y plazos cortos.",,Compensatoria,7.8,,MN,,2025-10-24,Mensual,,"Moneda nacional
Más de S/ 600,000.00(3)(4)
-De 5 a 10 años | Condiciones: De 5 a 10 años"
Interbank,TAR_0008t1696348229524,,Tasa de interés compensatoria efectiva anual (TEA)⁽¹⁾,Tasa anual por interés compensatorio en cuenta,,Compensatoria,0.05,0.03,AMBAS,,2025-10-24,Mensual,,"Se aplica al saldo diario en la cuenta, usa un año base de 360 días. La capitalización y el abono de intereses es mensual y las tasas de interés están sujetas a variación de acuerdo a las condiciones del mercado."
Interbank,TAR_0046t1688483301123,,Intereses de descuento,Tasa de interés anual por descuento de letras para girador.,,Descuento,44.92,22.0,AMBAS,,2025-10-24,Anual,,Tasa efectiva anual (TEA).
Interbank,TAR_0046t1688483301123,,Intereses compensatorios,Tasa de interés anual por intereses compensatorios para girador.,,Compensatorio,44.92,22.0,AMBAS,,2025-10-24,Anual,,Después del vencimiento. Tasa efectiva anual (TEA).
Interbank,TAR_0046t1688483301123,,Intereses moratorios,Tasa de interés anual por intereses moratorios para girador.,,Moratorio,15.0,9.9,AMBAS,,2025-10-24,Anual,,Después del vencimiento. Tasa Nominal Anual.
Interbank,TAR_0046t1688483301123,,Intereses compensatorios,Tasa de interés anual por intereses compensatorios para aceptante.,,Compensatorio,44.92,22.0,AMBAS,,2025-10-24,Anual,,Después del vencimiento. Tasa efectiva anual (TEA).
Interbank,TAR_0046t1688483301123,,Intereses moratorios,Tasa de interés anual por intereses moratorios para aceptante.,,Moratorio,15.0,9.9,AMBAS,,2025-10-24,Anual,,Después del vencimiento. Tasa Nominal Anual.
Interbank,TAR_0046t1688483301123,,Interés de renovación,Tasa de interés anual por renovación de letras para girador.,,Renovación,44.92,22.0,AMBAS,,2025-10-24,Anual,,Tasa efectiva anual (TEA).
Interbank,TAR_0046t1688483301123,,Intereses compensatorios,Tasa de interés anual por intereses compensatorios en renovación.,,Compensatorio,44.92,22.0,AMBAS,,2025-10-24,Anual,,Tasa efectiva anual (TEA).
Interbank,TAR_0046t1688483301123,,Intereses moratorios,Tasa de interés anual por intereses moratorios en renovación.,,Moratorio,15.0,9.9,AMBAS,,2025-10-24,Anual,,Tasa Nominal Anual.
Interbank,TAR-0230B,,Tasa de interés efectiva anual (TEA),Tasa anual por interés efectivo en cuenta acreedora.,,Interés,0.0,0.0,AMBAS,,2025-10-24,,,
Interbank,TAR-0230B,,Tasa de interés compensatoria nominal anual por sobregiro ¹,Tasa anual por interés compensatorio en caso de sobregiro.,,Sobregiro,45.003,22.523,AMBAS,,2025-10-24,Mensual,,
Interbank,TAR-0230B,,Tasa de interés moratoria nominal anual por sobregiro ¹,Tasa anual por interés moratorio en caso de sobregiro.,,Sobregiro,11.764,2.96,AMBAS,,2025-10-24,Mensual,,
Scotiabank,83PrestamosHipotecarioClientesNegocioPropio,Préstamo Hipotecario Clientes Negocio Propio,"De S/ 30,000.00 a S/ 4'000,000.00 o de US$ 10,000.00 a US$ 1'150,000.00","Tasa de interés anual para montos de financiamiento hipotecario entre S/30,000 y S/4,000,000 o US$10,000 y US$1,150,000.",,Financiamiento,15.1,15.1,AMBAS,,2025-10-24,Anual,,"Condiciones: De S/ 30,000.00 a S/ 4'000,000.00 o de US$ 10,000.00 a US$ 1'150,000.00 | Cliente: Persona Jurídica | Segmento: Negocio Propio"
Scotiabank,83PrestamosHipotecarioClientesNegocioPropio,Préstamo Hipotecario Clientes Negocio Propio,Tasa de Interés Moratoria Nominal Anual,Tasa de interés anual aplicada por retrasos en pagos de cuotas hipotecarias.,,Interés Moratorio,11.78,9.45,AMBAS,,2025-10-24,Anual,,"En caso de retraso en el pago de la cuota correspondiente o de cualquier otro importe a su cargo, se devengarán intereses moratorios según la tasa de interés moratoria anual máxima publicada por el Banco Central de Reserva del Perú (BCRP), dichos intereses serán calculados sobre el monto impago durante todo el plazo en que el cliente se encuentre en incumplimiento y de forma adicional a la TEA pactada. Queda establecido que la tasa de interés moratorio pactada en ningún caso podrá exceder la tasa máxima de interés moratorio permitida, de acuerdo a las normas legales aplicables. Si así fuera, se aplicará esta última. | Cliente: Persona Jurídica | Segmento: Negocio Propio"
Scotiabank,102_Tarjeta_Credito_Black_Mastercard,Tarjeta de Crédito Black Mastercard,Tasa Compensatoria Efectiva Anual (TEA) - Compras Rotativo y Cuotas (2 hasta 36 meses).,Tasa anual para compras a crédito en cuotas hasta 36 meses.,,Financiamiento,12.99,19.99,AMBAS,,2025-10-24,Anual,,Tasa Compensatoria Efectiva Anual (TEA) - Compras Rotativo y Cuotas (2 hasta 36 meses). | Condiciones: Compras Rotativo y Cuotas (2 hasta 36 meses) | Cliente: Persona Natural
Scotiabank,102_Tarjeta_Credito_Black_Mastercard,Tarjeta de Crédito Black Mastercard,Tasa Efectiva Anual (TEA) - Disposición de Efectivo y Consumos en Casinos (Rotativo y Cuotas).,Tasa anual para disposición de efectivo y consumos en casinos.,,Disposición de Efectivo,112.99,94.99,AMBAS,,2025-10-24,Anual,,Tasa Efectiva Anual (TEA) - Disposición de Efectivo y Consumos en Casinos (Rotativo y Cuotas). | Condiciones: Disposición de Efectivo y Consumos en Casinos (Rotativo y Cuotas) | Cliente: Persona Natural
Scotiabank,102_Tarjeta_Credito_Black_Mastercard,Tarjeta de Crédito Black Mastercard,Tasa Efectiva Anual (TEA) - Traslado de Deuda de otros Bancos (Rotativo y Cuotas) (1),Tasa anual para traslado de deuda de otros bancos.,,Traslado de Deuda,9.9,9.9,AMBAS,,2025-10-24,Anual,,Tasa Efectiva Anual (TEA) - Traslado de Deuda de otros Bancos (Rotativo y Cuotas) (1) | Condiciones: Traslado de Deuda de otros Bancos (Rotativo y Cuotas) (1) | Cliente: Persona Natural
Scotiabank,102_Tarjeta_Credito_Black_Mastercard,Tarjeta de Crédito Black Mastercard,Tasa Efectiva Anual (TEA) - InstaCash (Rotativo y Cuotas) (2),Tasa anual para InstaCash en rotativo y cuotas.,,InstaCash,12.55,,MN,,2025-10-24,Anual,,Tasa Efectiva Anual (TEA) - InstaCash (Rotativo y Cuotas) (2) | Condiciones: InstaCash (Rotativo y Cuotas) (2) | Cliente: Persona Natural
Scotiabank,102_Tarjeta_Credito_Black_Mastercard,Tarjeta de Crédito Black Mastercard,Tasa de Interés Moratorio Nominal Anual (3),Tasa anual por mora en pagos de tarjeta de crédito.,,Interés Moratorio,11.78,9.45,AMBAS,,2025-10-24,Anual,,Tasa de Interés Moratorio Nominal Anual (3) | Cliente: Persona Natural
Scotiabank,125-cuenta-euros,Cuenta Euros,Tasa Efectiva Anual (T.E.A.) - Personas,Tasa anual de interés para cuentas en euros de personas.,,Interés,,0.05,ME,,2025-10-24,Anual,,Tasa Efectiva Anual (T.E.A.) | Cliente: Ambos
Scotiabank,125-cuenta-euros,Cuenta Euros,Tasa Efectiva Anual (T.E.A.) - Negocios y Empresas,Tasa anual de interés para cuentas en euros de negocios y empresas.,,Interés,,0.0,ME,,2025-10-24,Anual,,Tasa Efectiva Anual (T.E.A.) | Cliente: Ambos
Scotiabank,14_Tarjeta_Credito_Oro_Visa_y_MC,Tarjeta de Crédito Oro Visa y MasterCard,Tasa Efectiva Anual (TEA) - Disposición de Efectivo y Consumos en Casinos (Rotativo y Cuotas),Tasa anual para disposición de efectivo y consumos en casinos.,,Disposición de Efectivo,112.99,94.99,AMBAS,,2025-10-24,Anual,,112.99% | Condiciones: Disposición de Efectivo y Consumos en Casinos (Rotativo y Cuotas) | Cliente: Persona Jurídica
Scotiabank,14_Tarjeta_Credito_Oro_Visa_y_MC,Tarjeta de Crédito Oro Visa y MasterCard,Tasa de Interés Moratorio Nominal Anual (3),Tasa anual por interés moratorio.,,Interés Moratorio,11.78,9.45,AMBAS,,2025-10-24,Anual,,11.78% | Cliente: Persona Jurídica
Scotiabank,122CuentaTravel,Cuenta Travel,Tasa Efectiva Anual fija (T.E.A.),"Tasa anual fija para operaciones de cuenta, sin costo.",,Efectiva Anual,0.0,0.0,AMBAS,,2025-10-24,Anual,,
Scotiabank,115_Tarjeta_Credito_AAdvantage_Oro_Visa_y_MC,Tarjeta de Crédito AAdvantage Oro Visa y MC,Tasa Efectiva Anual (TEA) - Disposición de Efectivo y Consumos en Casinos (Rotativo y Cuotas).,"Tasa anual para disposición de efectivo y consumos en casinos, en modalidad rotativo y cuotas.",,Disposición de Efectivo,112.99,94.99,AMBAS,,2025-10-24,Anual,,
Scotiabank,115_Tarjeta_Credito_AAdvantage_Oro_Visa_y_MC,Tarjeta de Crédito AAdvantage Oro Visa y MC,Tasa de Interés Moratorio Nominal Anual (3),Tasa anual de interés moratorio nominal.,,Interés Moratorio,11.78,9.45,AMBAS,,2025-10-24,Anual,,"En caso no se cubra el pago mínimo exigible hasta la fecha de vencimiento del estado de cuenta, se devengarán intereses moratorios a la tasa indicada. Conforme a lo estipulado en la Circular N° 0008-2021-BCRP, esta tasa está sujeta a una actualización semestral establecida por el Banco Central de Reserva del Perú, la cual será publicada en nuestra página web y tarifarios. Tasa expresada en términos anuales, se aplicará en función a los días en mora."
