,Banco,Producto_Codigo,Producto_Nombre,Concepto,Descripcion_Breve,Tipo,Tasa_Porcentaje_MN,Tasa_Porcentaje_ME,Monto_Fijo_MN,Monto_Fijo_ME,Monto_Minimo_MN,Monto_Maximo_MN,Monto_Minimo_ME,Monto_Maximo_ME,Moneda,Fecha_Vigencia,Fecha_Extraccion,Periodicidad,Oportunidad_Cobro,Observaciones
25,Banco_de_la_Nación,tasas-tarjeta-credito,Tasas Tarjeta de Crédito,PAGO DE TARJETA BN DESDE OTRA ENTIDAD,Comisión por pago de tarjeta BN realizado desde otra entidad financiera.,COMISION,,,,,,,,,MN,,2025-10-24,,,3. Transacciones a través de otras instituciones | 1. Pago de tarjeta BN desde otra entidad (l) | Cliente: Persona Natural
56,BBVA_Continental,Comisiones-Adquirencia-el-2025,Comisiones de Adquirencia 2025,,,COMISION,,,,,,,,,,,2025-10-24,,,
60,BBVA_Continental,cuenta-senior,Cuenta Senior,Retiro de dinero realizado en una localidad distinta donde se contrató la Cuenta,Comisión por retiro de efectivo en cajeros o ventanillas fuera de la localidad de contratación.,COMISION,,,,,,,,,AMBAS,19/03/2021,2025-10-24,,,Vigente desde 19/03/2021
61,BBVA_Continental,cuenta-senior,Cuenta Senior,Retiro de dinero realizado en una localidad distinta donde se contrató la Cuenta,Comisión por retiro de efectivo en Agente Express fuera de la localidad de contratación.,COMISION,,,,,,,,,AMBAS,19/03/2021,2025-10-24,,,Vigente desde 19/03/2021
63,BBVA_Continental,cuenta-senior,Cuenta Senior,Depósitos realizados desde otra localidad.,"Comisión por depósitos en ventanilla, Agente Express o cajero BBVA desde otra localidad.",COMISION,,,,,,,,,AMBAS,30/11/2022,2025-10-24,,,- Por ventanilla y Agente Express y Cajero Automático BBVA - Aplicable al beneficiario del depósito. - Vigente desde 30/11/2022 | Condiciones: Aplicable al beneficiario del depósito.
74,BBVA_Continental,cuenta-senior,Cuenta Senior,"Consultas de Saldos y Movimientos: Banca por Internet, Banca por Teléfono y Banca Móvil",Comisión por consultas de saldos y movimientos en canales electrónicos.,COMISION,,,,,,,,,AMBAS,01/08/2012,2025-10-24,,,Vigente desde 01/08/2012
75,BBVA_Continental,cuenta-senior,Cuenta Senior,Mantenimiento de Cuenta,Comisión mensual por mantenimiento de cuenta según saldo.,COMISION,,,,,,,,,AMBAS,31/08/2023,2025-10-24,Mensual,,"Se cobra dependiendo del saldo medio mensual en la cuenta. En caso la cuenta se encuentre vinculada con Préstamo o Tarjeta de Crédito, no habrá costo por el mantenimiento mensual de la cuenta. Vigente desde 31/08/2023 | Condiciones: Se cobra dependiendo del saldo medio mensual en la cuenta. En caso la cuenta se encuentre vinculada con Préstamo o Tarjeta de Crédito, no habrá costo por el mantenimiento mensual de la cuenta."
83,BBVA_Continental,cuenta-negocio-ppnn_No-vigente,Cuenta Negocio Personas Naturales No,,,TASA,,,,,,,,,,,2025-10-24,,,Cliente: Persona Natural con Negocio
98,BBVA_Continental,cuenta-sueldo,Cuenta Sueldo,Operaciones en Cuenta - Conversión de moneda,Comisión por cambio de moneda en transacciones en el extranjero.,COMISION,,,,,,,,,MN,07/03/2012,2025-10-24,,,"Aplica para todas las tarjetas de débito. Por servicio de cambio de moneda por las transacciones (compra y venta de efectivo), hechas en el extranjero en moneda diferente al dólar americano. Vigente desde 07/03/2012 | Condiciones: Compra y venta de efectivo en moneda diferente al dólar americano en el extranjero."
100,BBVA_Continental,cuenta-sueldo,Cuenta Sueldo,Operaciones en Cuenta - Operaciones en otra localidad,Comisión por retiro de dinero en una localidad distinta a la contratada.,COMISION,,,,,,,,,AMBAS,19/03/2021,2025-10-24,,,Vigente desde 19/03/2021 | Condiciones: Retiro de dinero en localidad distinta a la contratada.
101,BBVA_Continental,cuenta-sueldo,Cuenta Sueldo,Retiro de dinero realizado en una localidad distinta donde se contrató la Cuenta,Comisión por retiro de dinero en Agente Express en otra localidad.,COMISION,,,,,,,,,AMBAS,19/03/2021,2025-10-24,,,Vigente desde 19/03/2021 | Condiciones: Retiro de dinero en Agente Express en otra localidad.
103,BBVA_Continental,cuenta-sueldo,Cuenta Sueldo,Depósitos desde otra localidad.,Comisión por depósitos desde otra localidad a partir de una fecha.,COMISION,,,,,,,,,AMBAS,30/11/2022,2025-10-24,,,"Por Agente Express, Ventanilla y Cajero Automático BBVA.Aplicable al beneficiario del depósito. Vigente desde 30/11/2022 | Condiciones: Depósitos por Agente Express, Ventanilla y Cajero Automático BBVA."
104,BBVA_Continental,cuenta-sueldo,Cuenta Sueldo,Por Consulta de Saldos y Movimientos,Comisión por consulta de saldos y movimientos en Agente Express hasta una fecha.,COMISION,,,,,,,,,AMBAS,29/11/2022,2025-10-24,,,"Se cobra a partir de la 1ra consulta Por Agente Express Plus, aplican las mismas comisiones del canal Ventanilla Vigente hasta el 29/11/2022 | Condiciones: A partir de la 1ra consulta."
110,BBVA_Continental,cuenta-sueldo,Cuenta Sueldo,Depósito de dinero a una cuenta del BBVA,Comisión por depósito de dinero a una cuenta BBVA.,COMISION,,,,,,,,,,,2025-10-24,,,Vigente desde 01/08/2012
119,BBVA_Continental,prestamo-techo-propio1,Préstamo Techo Propio,Por Servicios Notariales,Costo por servicios notariales para constitución de garantía hipotecaria.,GASTO,,,,,,,,,MN,02/01/2013,2025-10-24,,,Aplica por constitución de garantía hipotecaria Vigente desde 02/01/2013 | Condiciones: Constitución de garantía hipotecaria | Cliente: Persona Natural
121,BBVA_Continental,prestamo-techo-propio1,Préstamo Techo Propio,Por Servicios Registrales,Costo por servicios de registro de la garantía hipotecaria.,GASTO,,,,,,,,,MN,11/06/2012,2025-10-24,,,Vigente desde 11/06/2012 | Cliente: Persona Natural
122,BBVA_Continental,prestamo-techo-propio1,Préstamo Techo Propio,Por Certificado Negativo de Propiedad,Costo por certificado negativo de propiedad emitido por Registros Públicos.,GASTO,,,,,,,,,MN,02/01/2013,2025-10-24,,,Vigente desde 02/01/2013 | Cliente: Persona Natural
123,BBVA_Continental,prestamo-techo-propio1,Préstamo Techo Propio,Honorarios Profesionales,Costo por honorarios profesionales en caso de deuda vencida.,GASTO,,,,,,,,,MN,01/12/2014,2025-10-24,,,"Aplica en caso de deuda vencida, previo acuerdo formal con Usted. Vigente desde 01/12/2014 | Condiciones: Deuda vencida | Cliente: Persona Natural"
161,BBVA_Continental,prestamo-comercial-credito-liquido-ppjj,Préstamo Comercial / Crédito Líquido - Personas Jurídicas,Gasto por Servicios Registrales,"Gasto por servicios registrales, según tarifario de Registros Públicos.",GASTO,,,,,,,,,AMBAS,11/06/2012,2025-10-24,,,-Según Tarifario de Registros Públicos al momento del acto. Vigente desde 11/06/2012 | Condiciones: Según Tarifario de Registros Públicos al momento del acto. | Cliente: Persona Jurídica | Segmento: Empresas
163,BBVA_Continental,prestamo-comercial-credito-liquido-ppjj,Préstamo Comercial / Crédito Líquido - Personas Jurídicas,Honorarios Judiciales (Cancelación deuda total con garantía),"Honorarios judiciales por cancelación total de deuda con garantía, según días de atraso.",GASTO,,,,,,,,,MN,01/02/2015,2025-10-24,,,"-Gasto aplica cuando la deuda que se encuentra garantizada, pasa a cobranza judicial. Aplica sobre la deuda impaga, en función a los días transcurridos de la deuda en judicial. No aplica para PPNN, Naturales con Negocio y Microempresas. Vigente desde 01/02/2015 | Condiciones: Gasto aplica cuando la deuda que se encuentra garantizada, pasa a cobranza judicial. Aplica sobre la deuda impaga, en función a los días transcurridos de la deuda en judicial. No aplica para PPNN, Naturales con Negocio y Microempresas. | Cliente: Persona Jurídica | Segmento: Empresas"
165,BBVA_Continental,factoring-electronico-ppjj,,Por abono en cuenta de otro banco vía CCE,Costo por abono en cuenta de otro banco a través de CCE,GASTO,,,,,,,,,AMBAS,25/11/2011,2025-10-24,Por operación,,Vigencia desde 25/11/2011 | Cliente: Persona Jurídica
188,BBVA_Continental,TRANSFERENCIAS_GIROS-Y-ORDENES_DE_PAGO_PJ.3_TRANSFERENCIAS_INTERBANCARIAS_VIA_CCE,,Transferencia por Pago de Haberes Misma Plaza Vía CCE,Comisión por pago de haberes en la misma plaza vía CCE,COMISION,,,,,,,,,AMBAS,23/09/2011,2025-10-24,Por transferencia,,Gastos del Banco Destino a cobrarse adicionalmente en Canal Presencial o electrónico Vigente desde 23/09/2011 | Cliente: Persona Jurídica
190,BBVA_Continental,TRANSFERENCIAS_GIROS-Y-ORDENES_DE_PAGO_PJ.3_TRANSFERENCIAS_INTERBANCARIAS_VIA_CCE,,Transferencia por Pago de Haberes Otra Plaza Vía CCE,Comisión por pago de haberes en otra plaza vía CCE,COMISION,,,,,,,,,,,2025-10-24,,,Cliente: Persona Jurídica
194,BBVA_Continental,cuenta-de-ahorro-12-cuenta-digital,Cuenta de Ahorro 12 - Cuenta Digital,Operaciones en Cuenta - Conversión de moneda,Comisión por conversión de moneda en transacciones y disposición de efectivo en el extranjero.,COMISION,,,,,,,,,AMBAS,,2025-10-24,,,Aplica para todas las tarjetas de débito. | Condiciones: Todas las tarjetas de débito | Cliente: Persona Natural
196,BBVA_Continental,cuenta-de-ahorro-12-cuenta-digital,Cuenta de Ahorro 12 - Cuenta Digital,Operaciones en Cuenta - Operaciones en otra localidad,"Comisión por operaciones en otra localidad, tanto en ventanilla como en agente express.",COMISION,,,,,,,,,AMBAS,01/02/2018,2025-10-24,,,Vigente desde 01/02/2018 | Cliente: Persona Natural
197,BBVA_Continental,cuenta-de-ahorro-12-cuenta-digital,Cuenta de Ahorro 12 - Cuenta Digital,Retiro de dinero realizado en una localidad distinta donde se contrató la Cuenta,Comisión por retiro de dinero en una localidad distinta a la de contratación de la cuenta.,COMISION,,,,,,,,,AMBAS,12/05/2016,2025-10-24,Por operación,,Vigente desde 12/05/2016 | Cliente: Persona Natural
198,BBVA_Continental,cuenta-de-ahorro-12-cuenta-digital,Cuenta de Ahorro 12 - Cuenta Digital,Depósitos desde otra localidad,"Comisión por depósitos desde otra localidad, aplicable en ventanilla y agente express.",COMISION,,,,,,,,,AMBAS,12/05/2016,2025-10-24,,,Vigente desde 12/05/2016 | Cliente: Persona Natural
203,BBVA_Continental,cuenta-de-ahorro-12-cuenta-digital,Cuenta de Ahorro 12 - Cuenta Digital,Depósito de dinero,"Comisión por depósito de dinero en ventanilla, agente express y cajero automático BBVA.",COMISION,,,,,,,,,AMBAS,02/04/2024,2025-10-24,,,Por Agente Express y Cajero depósito BBVA.Misma plaza y otra plaza. Vigente desde 02/04/2024 | Cliente: Persona Natural
206,BBVA_Continental,cuenta-de-ahorro-12-cuenta-digital,Cuenta de Ahorro 12 - Cuenta Digital,Depósito de dinero,"Comisión por depósito de dinero en ventanilla, con costo a partir de la segunda operación.",COMISION,,,,,,,,,AMBAS,02/04/2024,2025-10-24,Por operación,,Vigente desde 02/04/2024 | Cliente: Persona Natural
207,BBVA_Continental,cuenta-de-ahorro-12-cuenta-digital,Cuenta de Ahorro 12 - Cuenta Digital,"Consultas de Saldos y Movimientos: Banca por Internet, Banca por Teléfono y Banca Móvil",Comisión por consultas de saldos y movimientos a través de canales electrónicos.,COMISION,,,,,,,,,AMBAS,12/05/2016,2025-10-24,,,Vigente desde 12/05/2016 | Cliente: Persona Natural
208,BBVA_Continental,cuenta-de-ahorro-12-cuenta-digital,Cuenta de Ahorro 12 - Cuenta Digital,Mantenimiento de Cuenta mensual,Comisión mensual por mantenimiento de cuenta.,COMISION,,,,,,,,,AMBAS,02/04/2024,2025-10-24,Mensual,,Vigente desde 02/04/2024 | Cliente: Persona Natural
218,BBVA_Continental,generales-ppjj,,,,,,,,,,,,,,,2025-10-24,,,Cliente: Persona Jurídica
242,BBVA_Continental,adelanto-ppnn,Adelanto PPNN,Por Devolución de Documentos en Descuento No Cancelados,Comisión por devolución de documentos en descuento no cancelados,COMISION,,,,,,,,,,,2025-10-24,,,"Aplica sobre el importe del documento devuelto. Para documentos encargados en plazas donde el Banco no tenga oficinas. Vigente desde 02/11/2011 | 0,50% Mínimo: S/7.00 Máximo: S/175.00 +Generación y/o envío de Comunic. y Notas de Cargo y Abono: S/3.50 +Gastos del Bco Cor | Cliente: Persona Natural"
251,BBVA_Continental,Tarifario-leasing-personas-naturales-y-micro-May21,Tarifario Leasing Personas Naturales y Micro,Por Trámite de Inafectación al Impuesto Vehicular,Comisión por trámite de inafectación del impuesto vehicular para leasing.,COMISION,,,,,,,,,AMBAS,08/09/2011,2025-10-24,Anual,,"Aplica para vehículos de clase ómnibus (dedicados al servicio de transporte público de pasajeros), por contrato cada año durante el periodo que exige la ley para este impuesto. Vigente desde 08/09/2011 | Condiciones: Por contrato, para vehículos ómnibus | Cliente: Persona Natural | Segmento: Microempresa"
256,BBVA_Continental,Tarifario-leasing-personas-naturales-y-micro-May21,Tarifario Leasing Personas Naturales y Micro,Por pago de documentos,Comisión por pago de documentos a partir del número 12.,COMISION,,,,,,,,,AMBAS,20/01/2015,2025-10-24,,,"Se cobrará por cada documento (se incluyen facturas, declaraciones únicas de aduanas, documentos de embarque, notas de crédito, entre otros). Vigente desde 20/01/2015 | Condiciones: A partir del documento número 12 | Cliente: Persona Natural | Segmento: Microempresa"
260,BBVA_Continental,Tarifario-leasing-personas-naturales-y-micro-May21,Tarifario Leasing Personas Naturales y Micro,Por Tasación,Gasto por tasación del bien en operaciones de leasing.,GASTO,,,,,,,,,AMBAS,08/09/2011,2025-10-24,,,Vigente desde 08/09/2011 | Cliente: Persona Natural | Segmento: Microempresa
261,BBVA_Continental,Tarifario-leasing-personas-naturales-y-micro-May21,Tarifario Leasing Personas Naturales y Micro,Por Servicios Registrales,Gasto por servicios registrales en operaciones de leasing.,GASTO,,,,,,,,,AMBAS,08/09/2011,2025-10-24,,,Vigente desde 08/09/2011 | Cliente: Persona Natural | Segmento: Microempresa
262,BBVA_Continental,Tarifario-leasing-personas-naturales-y-micro-May21,Tarifario Leasing Personas Naturales y Micro,Por Servicios Notariales,Gasto por servicios notariales en operaciones de leasing.,GASTO,,,,,,,,,AMBAS,08/09/2011,2025-10-24,,,Vigente desde 08/09/2011 | Cliente: Persona Natural | Segmento: Microempresa
263,BBVA_Continental,Tarifario-leasing-personas-naturales-y-micro-May21,Tarifario Leasing Personas Naturales y Micro,Por Impuestos y/o Multas Municipales,Gasto por impuestos y/o multas municipales en operaciones de leasing.,GASTO,,,,,,,,,AMBAS,08/09/2011,2025-10-24,,,Vigente desde 08/09/2011 | Cliente: Persona Natural | Segmento: Microempresa
264,BBVA_Continental,Tarifario-leasing-personas-naturales-y-micro-May21,Tarifario Leasing Personas Naturales y Micro,Por Impuestos que gravan bien o contrato,Gasto por impuestos que gravan el bien o contrato de leasing.,GASTO,,,,,,,,,AMBAS,08/09/2011,2025-10-24,,,Vigente desde 08/09/2011 | Cliente: Persona Natural | Segmento: Microempresa
277,BBVA_Continental,asesoria-juridica-ppjj,,Evaluación de Documentos de Fallecidos,Comisión por estudio de sucesiones intestadas y testamentos para pagos y entrega de fondos.,COMISION,,,,,,,,,MN,09/04/2010,2025-10-24,Por estudio,,"Aplica para estudio de sucesiones intestadas, y testamentos, para pagos y entrega de fondos, cts, valores y cajas de seguridad de clientes a los herederos (de acuerdo al saldo de las cuentas del fallecido). Vigente desde 09/04/2010 | Condiciones: Aplica para estudio de sucesiones intestadas, y testamentos, para pagos y entrega de fondos, cts, valores y cajas de seguridad de clientes a los herederos (de acuerdo al saldo de las cuentas del fallecido). | Cliente: Persona Jurídica"
284,BBVA_Continental,pago-recibos-telefono-luz-agua,,Pago de Recibos - Servicios Domiciliados,Pago de recibos de servicios domiciliados sin costo.,COMISION,,,,,,,,,MN,31/01/2012,2025-10-24,Por recibo,,"Por cada recibo (luz, agua, teléfono, etc.) Vigente desde 31/01/2012 | Condiciones: Por cada recibo (luz, agua, teléfono, etc.)"
287,BBVA_Continental,pago-recibos-telefono-luz-agua,,Pago de Recibos - Luz del Sur,Pago de recibos de Luz del Sur por canal electrónico.,COMISION,,,,,,,,,MN,20/06/2014,2025-10-24,Por recibo,,- Liquidación automática según moneda de facturación. - Por cada recibo según canal. Vigente desde 20/06/2014 | Condiciones: Liquidación automática según moneda de facturación. Por cada recibo según canal.
288,BBVA_Continental,pago-recibos-telefono-luz-agua,,Pago de Recibos - Edelnor,Pago de recibos de Edelnor por ventanilla y agente.,COMISION,,,,,,,,,MN,20/06/2014,2025-10-24,Por recibo,,- Liquidación automática según moneda de facturación. - Por cada recibo según canal. Vigente desde 20/06/2014 | Condiciones: Liquidación automática según moneda de facturación. Por cada recibo según canal.
294,BBVA_Continental,constancias-y-duplicados-ppjj,,,,,,,,,,,,,,,2025-10-24,,,Cliente: Persona Jurídica
299,BBVA_Continental,tarjetas-empresariales-ppjj,Tarjetas Empresariales - Personas Jurídicas,Membresía Anual,Costo anual por membresía de tarjeta de crédito empresarial.,COMISION,,,,,,,,,AMBAS,06/08/2021,2025-10-24,Anual,,A y B | Cliente: Persona Jurídica | Segmento: Empresas
300,BBVA_Continental,tarjetas-empresariales-ppjj,Tarjetas Empresariales - Personas Jurídicas,Evaluación de Póliza de Seguro Endosada,Costo por evaluación de póliza de seguro endosada para tarjeta empresarial.,COMISION,,,,,,,,,AMBAS,19/03/2021,2025-10-24,,,A y B | Cliente: Persona Jurídica | Segmento: Empresas
305,BBVA_Continental,tarjetas-empresariales-ppjj,Tarjetas Empresariales - Personas Jurídicas,Honorarios Judiciales,Gasto por honorarios judiciales en caso de cancelación total de deuda con garantía.,GASTO,,,,,,,,,MN,01/02/2015,2025-10-24,,,"Gasto aplica cuando la deuda que se encuentra garantizada, pasa a cobranza judicial. Aplica sobre la deuda impaga, en función a los días transcurridos de la deuda en judicial. No aplica para PPNN, Naturales con Negocio y Microempresas. Vigente desde 01/02/2015 | Condiciones: Cancelación deuda total con garantía 0-45 días:13% 46-90 días:10% 91-180 días:7% 181 a más:5% | Cliente: Persona Jurídica | Segmento: Empresas"
306,BBVA_Continental,tarjetas-empresariales-ppjj,Tarjetas Empresariales - Personas Jurídicas,Honorarios Judiciales,Gasto por honorarios judiciales en caso de cancelación total de deuda sin garantía.,GASTO,,,,,,,,,MN,01/02/2015,2025-10-24,,,"Gasto aplica cuando la deuda no está garantizada y pasa a cobranza judicial. Aplica sobre la deuda impaga, en función a los días transcurridos de la deuda en judicial. No aplica para PPNN, Naturales con Negocio y Microempresas. Vigente desde 01/02/2015 | Condiciones: Cancelación deuda total sin garantía 0-90 días:15% 91 a más:12% | Cliente: Persona Jurídica | Segmento: Empresas"
313,BBVA_Continental,tarjetas-empresariales-ppjj,Tarjetas Empresariales - Personas Jurídicas,Por Mantenimiento (Mensual),Costo mensual por mantenimiento de tarjeta de crédito empresarial.,COMISION,,,,,,,,,AMBAS,24/08/2011,2025-10-24,Mensual,,B | Cliente: Persona Jurídica | Segmento: Empresas
322,BBVA_Continental,tarjetas-empresariales-ppjj,Tarjetas Empresariales - Personas Jurídicas,Por Reposición de tarjeta de crédito,Costo por reposición de tarjeta de crédito empresarial (sin costo).,COMISION,,,,,,,,,AMBAS,01/03/2013,2025-10-24,,,A y B | Cliente: Persona Jurídica | Segmento: Empresas
325,BBVA_Continental,tarifario-cuenta-activa,Tarifario Cuenta Activa,Operaciones en Cuenta - Conversión de moneda,Comisión por cambio de moneda en transacciones en el extranjero con tarjetas de débito,COMISION,,,,,,,,,AMBAS,12/05/2016,2025-10-24,,,"Aplica para todas las tarjetas de débito. Por servicio de cambio de moneda por las transacciones (compra y disposición de efectivo), hechas en el extranjero en moneda diferente al dólar americano - Vigente desde 12/05/2016 | Condiciones: Aplica para todas las tarjetas de débito. Por servicio de cambio de moneda por las transacciones (compra y disposición de efectivo), hechas en el extranjero en moneda diferente al dólar americano | Cliente: Persona Jurídica"
327,BBVA_Continental,tarifario-cuenta-activa,Tarifario Cuenta Activa,Operaciones en Cuenta - Operaciones en otra localidad,Comisión por operaciones en ventanilla y agente express en otra localidad,COMISION,,,,,,,,,AMBAS,01/02/2018,2025-10-24,,,Vigente desde 01/02/2018 | Cliente: Persona Jurídica
328,BBVA_Continental,tarifario-cuenta-activa,Tarifario Cuenta Activa,Retiro de dinero realizado en una localidad distinta donde se contrató la Cuenta,Comisión por retiro de efectivo en cajeros automáticos de BBVA en otra localidad,COMISION,,,,,,,,,AMBAS,12/05/2016,2025-10-24,,,Vigente desde 12/05/2016 | Cliente: Persona Jurídica
329,BBVA_Continental,tarifario-cuenta-activa,Tarifario Cuenta Activa,Depósitos desde otra localidad,Comisión por depósitos en ventanilla y agente express desde otra localidad,COMISION,,,,,,,,,AMBAS,12/05/2016,2025-10-24,,,Vigente desde 12/05/2016 | Cliente: Persona Jurídica
332,BBVA_Continental,tarifario-cuenta-activa,Tarifario Cuenta Activa,Uso de Cajero Automático (Otros Bancos),Comisión por uso de cajeros automáticos de otros bancos,COMISION,,,,,,,,,AMBAS,05/08/2023,2025-10-24,,,Mismo y otra Plaza. Vigente desde 05/08/2023 | Condiciones: Mismo y otra Plaza. | Cliente: Persona Jurídica
333,BBVA_Continental,tarifario-cuenta-activa,Tarifario Cuenta Activa,Depósito de dinero,Comisión por depósitos en agente express y cajero automático,COMISION,,,,,,,,,AMBAS,05/08/2023,2025-10-24,,,Agente Express y Cajero depósito BBVA. Misma plaza y otra plaza. Vigente desde 05/08/2023 | Condiciones: Agente Express y Cajero depósito BBVA. Misma plaza y otra plaza. | Cliente: Persona Jurídica
337,BBVA_Continental,tarifario-cuenta-activa,Tarifario Cuenta Activa,"Consultas de Saldos y Movimientos: Banca por Internet, Banca por Teléfono y Banca Móvil",Comisión por consulta de saldos y movimientos en canales electrónicos,COMISION,,,,,,,,,AMBAS,12/05/2016,2025-10-24,,,Vigente desde 12/05/2016 | Cliente: Persona Jurídica
338,BBVA_Continental,tarifario-cuenta-activa,Tarifario Cuenta Activa,Mantenimiento de Cuenta mensual,Comisión mensual por mantenimiento de la cuenta,COMISION,,,,,,,,,AMBAS,05/08/2023,2025-10-24,Mensual,,Vigente desde 05/08/2023 | Cliente: Persona Jurídica
359,BBVA_Continental,BANCA_ELECTRONICA_PJ.1_SWIFT,Banca Electrónica PJ.1 SWIFT,Por Mantenimiento mensual,Comisión mensual por mantenimiento del servicio.,COMISION,,,,,,,,,AMBAS,,2025-10-24,Mensual,,- | Cliente: Persona Jurídica
360,BBVA_Continental,BANCA_ELECTRONICA_PJ.1_SWIFT,Banca Electrónica PJ.1 SWIFT,Por Ordenes de Pago,Comisión por órdenes de pago.,COMISION,,,,,,,,,AMBAS,,2025-10-24,,,- | Cliente: Persona Jurídica
369,BBVA_Continental,BANCA_ELECTRONICA_PJ.1_SWIFT,Banca Electrónica PJ.1 SWIFT,Transferencia por Pago de Haberes Misma Plaza Vía CCE,Comisión en canal electrónico por transferencia de pago de haberes misma plaza vía CCE.,COMISION,,,,,,,,,AMBAS,23/09/2011,2025-10-24,,,Comisión en canal electrónico Vigente desde 23/09/2011 | Cliente: Persona Jurídica
371,BBVA_Continental,BANCA_ELECTRONICA_PJ.1_SWIFT,Banca Electrónica PJ.1 SWIFT,Transferencia por Pago de Haberes Otra Plaza Vía CCE,Comisión en canal electrónico por transferencia de pago de haberes otra plaza vía CCE.,COMISION,,,,,,,,,AMBAS,23/09/2011,2025-10-24,,,Comisión en canal electrónico Vigente desde 23/09/2011 | Cliente: Persona Jurídica
377,BBVA_Continental,BANCA_ELECTRONICA_PJ.1_SWIFT,Banca Electrónica PJ.1 SWIFT,,,,,,,,,,,,,,2025-10-24,,,Cliente: Persona Jurídica
378,BBVA_Continental,smv_defensa_derechos_de_clientes,Defensa de Derechos de Clientes - SMV,¿En qué casos se ejecuta la garantía constituida por una Sociedad Administradora de Fondos Mutuos (SAFM) o una Sociedad Administradora de Fondos de Inversión (SAFI)?,Casos de ejecución de garantías de SAFM/SAFI ante incumplimiento de obligaciones con partícipes.,OTRO,,,,,,,,,,,2025-10-24,,,"La garantía constituida por cada Sociedad Administradora de Fondos Mutuos (SAFM) o de Fondos de Inversión (SAFI) ante la Superintendencia del Mercado de Valores (SMV), en respaldo de los compromisos contraídos con los Partícipes a su cargo, podrá ser ejecutada por esta entidad, entre otros, cuando se verifique que una de estas sociedades ha incumplido las obligaciones contraídas con dichos Partícipes; o, que ha incurrido en dolo o negligencia en el desarrollo de sus actividades ocasionando perjuicio a un fondo. La ejecución de esta garantía es realizada de conformidad con lo establecido en el artículo 265° B de la Ley del Mercado de Valores para el caso de las Sociedades Administradoras de Fondos Mutuos (SAFM); y, en el artículo 13° B de la Ley de Fondos de Inversión para el caso de las Sociedades Administradoras de Fondos de Inversión (SAFI)."
379,BBVA_Continental,smv_defensa_derechos_de_clientes,Defensa de Derechos de Clientes - SMV,¿Existe un servicio que preste orientación ante una situación concreta?,Servicio de orientación gratuita de la Defensoría del Mercado de Valores ante afectaciones de derechos.,OTRO,,,,,,,,,,,2025-10-24,,,"Sí. El Partícipe podrá comunicarse con la Defensoría del Mercado de Valores (SMV) en caso requiera orientación ante una situación concreta en la que considere que una Sociedad Administradora de Fondos Mutuos (SAFM) o de Fondos de Inversión (SAFI) podría estar afectando sus derechos. De conformidad con su Reglamento, aprobado por Resolución SMV N° 003-2012-SMV/01, esta Defensoría puede orientarle gratuitamente sobre los hechos y situación concreta, así como sobre las vías procedimentales de una denuncia, de ser el caso. Asimismo, podrá orientarle sobre el ordenamiento legal tiene previstas. Para tal efecto, podrá comunicarse con la Defensoría del Inversionista al teléfono (01) 610 6300 (anexo 2011) o acceder a la plataforma de atención en el portal web de la Superintendencia del Mercado de Valores (SMV): www.smv.gob.pe. Sin perjuicio del posible recurso a las vías legales, si el Partícipe lo requiere y la situación lo permite, la Defensoría del Inversionista podrá procurar un espacio de diálogo directo con la Sociedad Administradora de Fondos Mutuos (SAFM) o de Fondos de Inversión (SAFI) de la cual es cliente, a objeto de que se pueda superar la situación concreta que es objeto de su preocupación."
380,BBVA_Continental,smv_defensa_derechos_de_clientes,Defensa de Derechos de Clientes - SMV,Advertencia,Advertencia sobre organizaciones no autorizadas para operar como SAFM/SAFI y recomendación de precaución.,OTRO,,,,,,,,,,,2025-10-24,,,"Las únicas personas jurídicas autorizadas por la Superintendencia del Mercado de Valores (SMV) para prestar los servicios propios de una Sociedad Administradora de Fondos Mutuos (SAFM) o de Fondos de Inversión (SAFI) son las que aparecen publicadas en el directorio del mercado de valores, al que se puede acceder gratuitamente desde el portal web: www.smv.gob.pe. Por tanto, se recomienda al público no dejarse sorprender y tener cuidado con las invitaciones para entregar o depositar o invertir su dinero en organizaciones que no cuenten con dicha autorización."
381,BBVA_Continental,smv_defensa_derechos_de_clientes,Defensa de Derechos de Clientes - SMV,Información sobre Sociedades Administradoras de Fondos Mutuos (SAFM) y Fondos de Inversión (SAFI),Información adicional sobre SAFM/SAFI autorizadas y centros de atención.,OTRO,,,,,,,,,,,2025-10-24,,,"Para obtener mayor información sobre las Sociedades Administradoras de Fondos Mutuos (SAFM) y las Sociedades Administradoras de Fondos de Inversión (SAFI) autorizadas por la Superintendencia del Mercado de Valores (SMV) también se puede acudir a nuestro Centro de Orientación y Promoción, ubicado en la Av. Santa Cruz N° 325, Miraflores, Lima; y/o, comunicarse con la Gerencia General de Orientación al Inversionista al teléfono (01) 610 6305."
382,BBVA_Continental,smv_defensa_derechos_de_clientes,Defensa de Derechos de Clientes - SMV,La Defensoría del Inversionista,Misión de la Defensoría del Inversionista de la SMV: velar por derechos y brindar orientación.,OTRO,,,,,,,,,,,2025-10-24,,,"Tiene por misión velar por el respeto de los derechos de los inversionistas y de los asociados a fondos colectivos, brindando orientación gratuita ante situaciones concretas en que se podrían estar afectando sus derechos en materias relacionadas con los mercados bajo competencia de la Superintendencia del Mercado de Valores (SMV). Asimismo, la Defensoría del Inversionista de la SMV orienta sus funciones a la protección de los inversionistas y de los asociados a fondos colectivos, para lo cual realiza aportes institucionales dirigidos a la formulación de propuestas normativas; promueve buenas prácticas para el aseguramiento de sus derechos; y, canaliza las propuestas formuladas por los inversionistas y otros interesados en los mercados bajo competencia de la SMV."
383,BBVA_Continental,smv_defensa_derechos_de_clientes,Defensa de Derechos de Clientes - SMV,Contacto con la Defensoría del Inversionista de la SMV,"Canales de contacto para la Defensoría del Inversionista de la SMV: teléfono, email, web y sede.",OTRO,,,,,,,,,,,2025-10-24,,,"Usted puede tomar contacto con la Defensoría del Inversionista de la Superintendencia del Mercado de Valores (SMV): ■ Mediante comunicación telefónica al número (01) 610 6300; ■ Escribiendo a la dirección electrónica: defensoria@smv.gob.pe; ■ Accediendo a su plataforma de atención en el portal web: www.smv.gob.pe, o, ■ Visitando la sede institucional ubicada en Av. Santa Cruz N° 315, Miraflores, Lima - Perú."
384,BBVA_Continental,smv_defensa_derechos_de_clientes,Defensa de Derechos de Clientes - SMV,GUÍA PARA LA DEFENSA DE LOS DERECHOS DE LOS CLIENTES DE SOCIEDADES ADMINISTRADORAS DE FONDOS MUTUOS (SAFM) O DE FONDOS DE INVERSIÓN (SAFI),Guía sobre vías para formular reclamos y denuncias contra SAFM/SAFI.,OTRO,,,,,,,,,,,2025-10-24,,,Información básica sobre las vías para formular reclamos y denuncias
385,BBVA_Continental,smv_defensa_derechos_de_clientes,Defensa de Derechos de Clientes - SMV,¿Se encuentra una Sociedad Administradora de Fondos Mutuos (SAFM) o una Sociedad Administradora de Fondos de Inversión (SAFI) a atender directamente un reclamo de sus Partícipes (clientes)?,Obligación de SAFM/SAFI de atender reclamos de partícipes en un plazo máximo de 30 días.,OTRO,,,,,,,,,,,2025-10-24,,,"Sí. Las Sociedades Administradoras de Fondos Mutuos (SAFM) y las Sociedades Administradoras de Fondos de Inversión (SAFI) se encuentran obligadas a atender directamente cualquier reclamo que administran, en un plazo máximo de treinta (30) días calendario desde la fecha de presentación del reclamo. Dicho plazo puede ser extendido por otro igual cuando la naturaleza del reclamo lo justifique, situación que es comunicada del Partícipe reclamante antes de la culminación del plazo inicial. Si éste lo requiere, la respuesta deberá realizarse por escrito."
386,BBVA_Continental,smv_defensa_derechos_de_clientes,Defensa de Derechos de Clientes - SMV,¿Un Partícipe (cliente) puede presentar una denuncia ante el INDECOPI?,Posibilidad de presentar denuncia ante INDECOPI si el partícipe es consumidor y sus derechos se ven afectados.,OTRO,,,,,,,,,,,2025-10-24,,,"Sí. El Partícipe de un fondo administrado por una Sociedad Administradora de Fondos Mutuos (SAFM) o de Fondos de Inversión (SAFI) que ostente la condición de consumidor en el marco de la relación que tenga con una de estas sociedades, podrá formular una denuncia por una afectación a sus derechos como consumidor. Ello siempre y cuando le sea aplicable la siguiente definición del Código de Protección y Defensa del Consumidor:"
387,BBVA_Continental,smv_defensa_derechos_de_clientes,Defensa de Derechos de Clientes - SMV,¿Un Partícipe (cliente) puede presentar una denuncia ante la Superintendencia del Mercado de Valores (SMV)?,Posibilidad de presentar denuncia ante la SMV por infracción de normas bajo su competencia.,OTRO,,,,,,,,,,,2025-10-24,,,"Sí. El Partícipe de un fondo administrado por una Sociedad Administradora de Fondos Mutuos (SAFM) o de Fondos de Inversión (SAFI), que considere que una conducta que implique una infracción de los normas bajo competencia de la Superintendencia del Mercado de Valores (SMV), podrá comunicar los hechos correspondientes, de manera escrita o verbal, a la Intendencia General de Cumplimiento Prudencial de esta entidad⁴."
388,BBVA_Continental,smv_defensa_derechos_de_clientes,Defensa de Derechos de Clientes - SMV,¿Es posible acudir a la vía judicial o a la vía arbitral?,Opción de acudir a la vía judicial o arbitral en caso de afectación por SAFM/SAFI.,OTRO,,,,,,,,,,,2025-10-24,,,"Sin perjuicio de lo señalado en los numerales precedentes, el Partícipe que se considere afectado por la conducta de una Sociedad Administradora de Fondos Mutuos (SAFM) o de Fondos de Inversión (SAFI) puede acudir a la vía judicial o arbitral correspondiente. En este último caso, el ejercicio del derecho de recurrir a arbitraje obliga a la sociedad, conforme lo establece el artículo 340° de la Ley del Mercado de Valores."
395,BBVA_Continental,pago-haberes-cts-ppjj,Pago Haberes y CTS - Personas Jurídicas,Listado de pago de haberes/CTS,"Comisión por listado de pago de haberes/CTS, máximo 10 registros.",COMISION,,,,,,,,,AMBAS,05/09/2022,2025-10-24,Por listado,,Listado (máximo 10 registros). Aplica al ordenante. Vigente desde 05/09/2022 | Condiciones: Listado (máximo 10 registros) | Cliente: Persona Jurídica
396,BBVA_Continental,prestamo-locales-comerciales,Préstamo Locales Comerciales,Préstamo Contilocal,Tasa de interés anual para Préstamo Contilocal.,TASA,,,,,,,,,AMBAS,29/09/2023,2025-10-24,Anual,,Vigente desde 29/09/2023
397,BBVA_Continental,prestamo-locales-comerciales,Préstamo Locales Comerciales,Préstamo Mi Oficina,Tasa de interés anual para Préstamo Mi Oficina.,TASA,,,,,,,,,AMBAS,29/09/2023,2025-10-24,Anual,,Vigente desde 29/09/2023
404,BBVA_Continental,prestamo-locales-comerciales,Préstamo Locales Comerciales,Por Servicios Notariales,Gasto por servicios notariales para constitución de garantía hipotecaria.,GASTO,,,,,,,,,AMBAS,11/0,2025-10-24,,,Aplicar por constitución de garantía hipotecaria. Vigente desde 11/06/2012
421,BBVA_Continental,constancias-duplicados,Constancias y Duplicados,Recopilación y Emisión de Información Financiera - Vigencia 20/01/2015,"Costo por recopilación y emisión de información financiera, con cargo a la cuenta del cliente.",COMISION,,,,,,,,,AMBAS,20/01/2015,2025-10-24,Por documento,,Con cargo a la cuenta del cliente Vigente desde 20/01/2015 | Condiciones: Con cargo a la cuenta del cliente | Cliente: Cliente
423,BBVA_Continental,pago-recibos-telefono-luz-agua-ppjj,"Pago de Recibos Teléfono, Luz, Agua (Personas Jurídicas)",Pago de recibos Telefónica del Perú,Comisión por pago de recibos de Telefónica del Perú según canal.,COMISION,,,,,,,,,MN,18/07/2019,2025-10-24,Por recibo,,"- Liquidación automática según moneda de facturación. - Por cada recibo según canal. Vigencia desde 18/07/2019 | Condiciones: Según canal | Cliente: Persona Jurídica | Segmento: Pequeñas, Medianas y Grandes Empresas"
424,BBVA_Continental,pago-recibos-telefono-luz-agua-ppjj,"Pago de Recibos Teléfono, Luz, Agua (Personas Jurídicas)",Pago de recibos Claro,Comisión por pago de recibos de Claro según canal.,COMISION,,,,,,,,,MN,17/07/2019,2025-10-24,Por recibo,,"- Liquidación automática según moneda de facturación. - Por cada recibo según canal. Vigencia desde 17/07/2019 | Condiciones: Según canal | Cliente: Persona Jurídica | Segmento: Pequeñas, Medianas y Grandes Empresas"
425,BBVA_Continental,pago-recibos-telefono-luz-agua-ppjj,"Pago de Recibos Teléfono, Luz, Agua (Personas Jurídicas)",Pago de recibos Luz del Sur,Gratuidad por pago de recibos de Luz del Sur en canal electrónico.,COMISION,,,,,,,,,MN,20/06/2014,2025-10-24,Por recibo,,"- Liquidación automática según moneda de facturación. - Por cada recibo según canal. Vigente desde 20/06/2014 | Condiciones: Según canal | Cliente: Persona Jurídica | Segmento: Pequeñas, Medianas y Grandes Empresas"
426,BBVA_Continental,pago-recibos-telefono-luz-agua-ppjj,"Pago de Recibos Teléfono, Luz, Agua (Personas Jurídicas)",Pago de recibos Edelnor,Gratuidad por pago de recibos de Edelnor en agente y canal electrónico.,COMISION,,,,,,,,,MN,20/06/2014,2025-10-24,Por recibo,,"- Liquidación automática según moneda de facturación. - Por cada recibo según canal. Vigente desde 20/06/2014 | Condiciones: Según canal | Cliente: Persona Jurídica | Segmento: Pequeñas, Medianas y Grandes Empresas"
427,BBVA_Continental,pago-recibos-telefono-luz-agua-ppjj,"Pago de Recibos Teléfono, Luz, Agua (Personas Jurídicas)",Pago de recibos Sedapal,Comisión por pago de recibos de Sedapal según canal.,COMISION,,,,,,,,,MN,20/06/2014,2025-10-24,Por recibo,,"- Liquidación automática según moneda de facturación. - Por cada recibo según canal. Vigente desde 20/06/2014 | Condiciones: Según canal | Cliente: Persona Jurídica | Segmento: Pequeñas, Medianas y Grandes Empresas"
431,BBVA_Continental,CUENTA-FACIL,Cuenta Fácil,,,COMISION,,,,,,,,,,,2025-10-24,,,
432,BBVA_Continental,comunicados-de-interes,Comunicados de Interés,T.E.A.,Definición de Tasa Efectiva Anual base 360 días.,OTRO,,,,,,,,,,,2025-10-24,,,T.E.A.: Tasa Efectiva Anual Base 360 días.
433,BBVA_Continental,comunicados-de-interes,Comunicados de Interés,Resolución SBS N°3274 - 2017,"Consulta del tarifario completo en oficinas, Muro de Transparencia y página web.",OTRO,,,,,,,,,,,2025-10-24,,,"Resolución SBS N°3274 - 2017 | Nuestro tarifario completo, con todas las Tasas, Comisiones y Gastos de los Productos y Servicios que ofrece el Banco, puede ser consultado en todas nuestras oficinas, Muro de Transparencia y en la página web: www.bbva.pe. Esta información de tasas, comisiones y gastos se proporciona de acuerdo a la Ley 28587."
435,BBVA_Continental,comunicados-de-interes,Comunicados de Interés,Ley N° 28194,Detalle sobre la aplicación del ITF del 0.005% a diversas transacciones financieras.,OTRO,,,,,,,,,,,2025-10-24,,,"Ley N° 28194 | Todos los retiros o depósitos en cuentas, así como la compra de cheques de gerencia, giros, certificados bancarios u otros instrumentos financieros que no estén expresamente exonerado, están gravadas con la tasa de 0.005% del monto total de la transacción."
437,BBVA_Continental,comunicados-de-interes,Comunicados de Interés,Decreto Supremo N° 179- 2004- EF,Aplicación del Impuesto a la Renta a los intereses para personas jurídicas y negocios unipersonales.,OTRO,,,,,,,,,,,2025-10-24,,,Decreto Supremo N° 179- 2004- EF | Los intereses recibidos y/o devengados están afectos al Impuesto a la Renta para Personas Jurídicas y Personas con Negocios Unipersonales. El Banco actuará como agente retenedor para los perceptores no domiciliados.
439,BBVA_Continental,comunicados-de-interes,Comunicados de Interés,D.S. N° 309-2023- EF,Uso de la UIT como valor de referencia en normas tributarias y determinación de obligaciones.,OTRO,,,,,,,,,,,2025-10-24,,,"D.S. N° 309-2023- EF | La UIT es un valor de referencia, que puede ser utilizado en las normas tributarias para determinar las bases imponibles, deducciones, límites de afectación y demás aspectos de los tributos que considere conveniente el legislador. También podrá ser utilizada para aplicar sanciones, determinar obligaciones contables, inscribirse en el registro de contribuyentes y otras obligaciones formales."
441,BBVA_Continental,comunicados-de-interes,Comunicados de Interés,Art.152 de la Ley N° 26702,Listado de productos cubiertos por la protección de depósitos bancarios.,OTRO,,,,,,,,,,,2025-10-24,,,"Art.152 de la Ley N° 26702 | Se cubrirán los siguientes productos: Cuentas Corrientes, Depósitos de Ahorro (Persona Natural, Persona Jurídica Privada sin fines de lucro), Depósitos a Plazo (Persona Natural, Persona Jurídica Privada sin fines de lucro), Súper Depósito, Depósitos, CTS."
442,BBVA_Continental,comunicados-de-interes,Comunicados de Interés,Res SBS 0890-98 Reglamento de Cuentas Corrientes,Solicitud de constancia de rechazo de cheques por falta de fondos.,OTRO,,,,,,,,,,,2025-10-24,,,"Res SBS 0890-98 Reglamento de Cuentas Corrientes | Los clientes que tengan cheques rechazados por falta de fondos pueden solicitar, en esta oficina, la constancia de dicho rechazo."
443,BBVA_Continental,comunicados-de-interes,Comunicados de Interés,Cláusulas Generales de Contratación,Disponibilidad de Cláusulas Generales de Contratación para operaciones pasivas y servicios.,OTRO,,,,,,,,,,,2025-10-24,,,| Nuestro Banco viene trabajando con Cláusulas Generales de Contratación para todas nuestras operaciones pasivas y/o servicios. Estas Cláusulas Generales se encuentran a su disposición en nuestra página web y en nuestras Oficinas.
449,BBVA_Continental,comex-stand-by-recibidos-favor-clientes,Comex Stand-By Recibidos a Favor de Clientes,Servicio de Envío de Documentos al Exterior,"Comisión por el envío de documentos al exterior, con tarifas diferenciadas por región.",COMISION,,,,,,,,,ME,25/11/2011,2025-10-24,,,"Vigente desde 25/11/2011 | Condiciones: Diferenciado por región: EEUU: $35.00, América Latina y Europa: $45.00, Asia: $65.00"
488,BCP,Cuenta_Corriente_Persona_JurídicaAdobe_PDF,Cuenta Corriente Persona Jurídica,Uso de Agente - Más de 151 operaciones - Moneda Nacional,Costo por operación en agente para más de 151 operaciones en moneda nacional.,COMISION,,,,,,,,,,,2025-10-24,,,Cliente: Persona Jurídica | Segmento: General
495,BCP,Tarjeta_de_Crédito_Visa_CorporativaAdobe_PDF,Tarjeta de Crédito Visa Corporativa,En Cajeros Automáticos,Comisión por disposición de efectivo en cajeros automáticos.,COMISION,,,,,,,,,,10/03/2009,2025-10-24,,,Cliente: Persona Jurídica | Segmento: Corporativo
498,BCP,Tarjeta_de_Crédito_Visa_CorporativaAdobe_PDF,Tarjeta de Crédito Visa Corporativa,En Cajeros Automáticos de Otros Bancos,Comisión por disposición de efectivo en cajeros automáticos de otros bancos.,COMISION,,,,,,,,,,10/03/2009,2025-10-24,,,Cliente: Persona Jurídica | Segmento: Corporativo
502,BCP,Cuenta_Corriente_Personal_Natural_de_NegocioAdobe_PDF,Cuenta Corriente Personal Natural de Negocio,Comisiones por: Operaciones en cuenta,Comisiones aplicables a operaciones realizadas en la cuenta.,OTRO,,,,,,,,,,,2025-10-24,,,"Retiros, depósitos efectivo, depósitos cheque y/u otras operaciones realizadas en agencias, cajeros automáticos y agentes una localidad (provincia) distinta a la que se abrió la cuenta | Cliente: Persona Natural con Negocio"
503,BCP,Cuenta_Corriente_Personal_Natural_de_NegocioAdobe_PDF,Cuenta Corriente Personal Natural de Negocio,Operaciones en otra localidad,Comisiones por operaciones realizadas en una localidad diferente a la de apertura.,OTRO,,,,,,,,,,,2025-10-24,,,Cliente: Persona Natural con Negocio
504,BCP,Cuenta_Corriente_Personal_Natural_de_NegocioAdobe_PDF,Cuenta Corriente Personal Natural de Negocio,Ventanilla,Comisiones por operaciones en ventanilla en otra localidad.,OTRO,,,,,,,,,,19/04/2021,2025-10-24,,,Cliente: Persona Natural con Negocio
505,BCP,Cuenta_Corriente_Personal_Natural_de_NegocioAdobe_PDF,Cuenta Corriente Personal Natural de Negocio,Moneda Nacional,Operaciones libres de costo en ventanilla en moneda nacional en otra localidad.,OTRO,,,,,,,,,,19/04/2021,2025-10-24,,,Cliente: Persona Natural con Negocio
506,BCP,Cuenta_Corriente_Personal_Natural_de_NegocioAdobe_PDF,Cuenta Corriente Personal Natural de Negocio,Moneda Extranjera,Operaciones libres de costo en ventanilla en moneda extranjera en otra localidad.,OTRO,,,,,,,,,,19/04/2021,2025-10-24,,,Cliente: Persona Natural con Negocio
507,BCP,Cuenta_Corriente_Personal_Natural_de_NegocioAdobe_PDF,Cuenta Corriente Personal Natural de Negocio,Cajeros automáticos,Operaciones libres de costo en cajeros automáticos en otra localidad.,OTRO,,,,,,,,,,19/04/2021,2025-10-24,,,Cliente: Persona Natural con Negocio
508,BCP,Cuenta_Corriente_Personal_Natural_de_NegocioAdobe_PDF,Cuenta Corriente Personal Natural de Negocio,Moneda Nacional,Operaciones libres de costo en cajeros automáticos en moneda nacional en otra localidad.,OTRO,,,,,,,,,,19/04/2021,2025-10-24,,,Cliente: Persona Natural con Negocio
509,BCP,Cuenta_Corriente_Personal_Natural_de_NegocioAdobe_PDF,Cuenta Corriente Personal Natural de Negocio,Moneda Extranjera,Operaciones libres de costo en cajeros automáticos en moneda extranjera en otra localidad.,OTRO,,,,,,,,,,19/04/2021,2025-10-24,,,Cliente: Persona Natural con Negocio
510,BCP,Cuenta_Corriente_Personal_Natural_de_NegocioAdobe_PDF,Cuenta Corriente Personal Natural de Negocio,Agentes BCP,Operaciones libres de costo en Agentes BCP en otra localidad.,OTRO,,,,,,,,,,29/12/2022,2025-10-24,,,Cliente: Persona Natural con Negocio
511,BCP,Cuenta_Corriente_Personal_Natural_de_NegocioAdobe_PDF,Cuenta Corriente Personal Natural de Negocio,Moneda Nacional,Operaciones libres de costo en Agentes BCP en moneda nacional en otra localidad.,OTRO,,,,,,,,,,29/12/2022,2025-10-24,,,Cliente: Persona Natural con Negocio
512,BCP,Cuenta_Corriente_Personal_Natural_de_NegocioAdobe_PDF,Cuenta Corriente Personal Natural de Negocio,Moneda Extranjera,Operaciones libres de costo en Agentes BCP en moneda extranjera en otra localidad.,OTRO,,,,,,,,,,29/12/2022,2025-10-24,,,Cliente: Persona Natural con Negocio
513,BCP,Cuenta_Corriente_Personal_Natural_de_NegocioAdobe_PDF,Cuenta Corriente Personal Natural de Negocio,Comisiones por: Uso de canales,Comisiones asociadas al uso de diferentes canales de atención.,OTRO,,,,,,,,,,,2025-10-24,,,Cliente: Persona Natural con Negocio
514,BCP,Cuenta_Corriente_Personal_Natural_de_NegocioAdobe_PDF,Cuenta Corriente Personal Natural de Negocio,Operaciones en ventanilla,Comisión por operaciones en ventanilla a partir de la 16ta operación.,COMISION,,,,,,,,,,,2025-10-24,,,Condiciones: A partir de la 16ta operación. | Cliente: Persona Natural con Negocio
515,BCP,Cuenta_Corriente_Personal_Natural_de_NegocioAdobe_PDF,Cuenta Corriente Personal Natural de Negocio,Depositos y retiros adicionalle (Los pagos y depósitos de cheques son consideradas operaciones en ventanilla para el conteo de operacioneslibres de costo).,Comisión por depósitos y retiros adicionales en ventanilla.,COMISION,,,,,,,,,,01/07/2015,2025-10-24,,,Cliente: Persona Natural con Negocio
517,BCP,Cuenta_Corriente_Personal_Natural_de_NegocioAdobe_PDF,Cuenta Corriente Personal Natural de Negocio,Moneda Extranjera,Comisión por depósitos y retiros adicionales en moneda extranjera en ventanilla.,COMISION,,,,,,,,,,,2025-10-24,,Por operación,"Por operación | Condiciones: Aplica en las Agencias AguasVerdes, Tumbes y Aguas Calientes. | Cliente: Persona Natural con Negocio"
520,BCP,Cuenta_Corriente_Personal_Natural_de_NegocioAdobe_PDF,Cuenta Corriente Personal Natural de Negocio,Saldos y 20 últimos Movimientos,Comisión por consulta de saldos y últimos 20 movimientos.,COMISION,,,,,,,,,,,2025-10-24,,,Cliente: Persona Natural con Negocio
523,BCP,Cuenta_Corriente_Personal_Natural_de_NegocioAdobe_PDF,Cuenta Corriente Personal Natural de Negocio,Uso de cajero automático,Comisiones por el uso de cajeros automáticos.,COMISION,,,,,,,,,,,2025-10-24,,,Cliente: Persona Natural con Negocio
524,BCP,Cuenta_Corriente_Personal_Natural_de_NegocioAdobe_PDF,Cuenta Corriente Personal Natural de Negocio,Cajeros del BCP,Uso libre de costo de cajeros automáticos del BCP.,OTRO,,,,,,,,,,01/11/2012,2025-10-24,,,Condiciones: Para Cajeros BCP | Cliente: Persona Natural con Negocio
525,BCP,Cuenta_Corriente_Personal_Natural_de_NegocioAdobe_PDF,Cuenta Corriente Personal Natural de Negocio,Moneda Nacional y Extranjera,Operaciones libres de costo en cajeros,OTRO,,,,,,,,,,,2025-10-24,,,Cliente: Persona Natural con Negocio
552,BCP,Crédito_Efectivo_y_Crédito_Efectivo_con_Garantía_HipotecariaAdobe_PDF,Crédito Efectivo y Crédito Efectivo con Garantía Hipotecaria,Evaluación de póliza de seguro endosada para el bien - Moneda nacional,Servicio de evaluación de póliza de seguro endosada en moneda nacional.,OTRO,,,,,,,,,MN,19/03/2021,2025-10-24,,,
553,BCP,Crédito_Efectivo_y_Crédito_Efectivo_con_Garantía_HipotecariaAdobe_PDF,Crédito Efectivo y Crédito Efectivo con Garantía Hipotecaria,Evaluación de póliza de seguro endosada para el bien - Moneda extranjera,Servicio de evaluación de póliza de seguro endosada en moneda extranjera.,OTRO,,,,,,,,,ME,19/03/2021,2025-10-24,,,
570,BCP,Informes_VariosAdobe_PDF,Informes Varios,Constatación de Prendas,Costo por constatación de prendas según tarifa de empresa tasadora autorizada.,COMISION,,,,,,,,,AMBAS,19/07/2007,2025-10-24,,,Condiciones: Según tarifa de empresa tasadora autorizada por el BCP.
586,BCP,Informes_VariosAdobe_PDF,Informes Varios,Envío de Comprobante de Pagos por Banca por Telefono a Fax (ME),Costo por envío de comprobante de pago por fax en moneda extranjera.,COMISION,,,,,,,,,ME,,2025-10-24,,,
648,BCP,SegurosAdobe_PDF,Seguros,,,,,,,,,,,,,,2025-10-24,,,
649,BCP,Depósito_CTSAdobe_PDF,Depósito CTS,Depósito CTS,Tasa Anual Efectiva (TEA) para depósitos CTS en moneda extranjera.,TASA,,,,,,,,,ME,,2025-10-24,Anual,,
653,BCP,Depósito_CTSAdobe_PDF,Depósito CTS,TEA expresada en 360 días,Indicador de la Tasa Anual Efectiva expresada en un periodo de 360 días.,OTRO,,,,,,,,,,,2025-10-24,,,
654,BCP,Préstamo_personal_con_Garantía_LíquidaAdobe_PDF,Préstamo Personal con Garantía Líquida,CREDITOS PERSONALES,Tasas de interés anual efectiva (TEA) para créditos personales en moneda nacional.,TASA,,,,,,,,,MN,,2025-10-24,Anual,,Cliente: Persona Natural | Segmento: Banca Consumo
655,BCP,Préstamo_personal_con_Garantía_LíquidaAdobe_PDF,Préstamo Personal con Garantía Líquida,CREDITOS PERSONALES,Tasas de interés anual efectiva (TEA) para créditos personales de hasta S/ 300 con plazo máximo de 3 meses.,TASA,,,,,,,,,MN,,2025-10-24,Anual,,Condiciones: Crédito hasta S/ 300 - plazo máximo de 3 meses | Cliente: Persona Natural | Segmento: Banca Consumo
656,BCP,Préstamo_personal_con_Garantía_LíquidaAdobe_PDF,Préstamo Personal con Garantía Líquida,CREDITOS PERSONALES,Tasas de interés anual efectiva (TEA) para créditos personales de hasta S/ 750 con plazo máximo de 6 meses.,TASA,,,,,,,,,MN,,2025-10-24,Anual,,Condiciones: Crédito hasta S/ 750 - plazo máximo de 6 meses | Cliente: Persona Natural | Segmento: Banca Consumo
657,BCP,Préstamo_personal_con_Garantía_LíquidaAdobe_PDF,Préstamo Personal con Garantía Líquida,CREDITOS PERSONALES,"Tasas de interés anual efectiva (TEA) para créditos personales de hasta S/ 2,500 con plazo máximo de 60 meses.",TASA,,,,,,,,,MN,,2025-10-24,Anual,,"Condiciones: Crédito hasta S/ 2,500 - con plazo máximo de 60 meses | Cliente: Persona Natural | Segmento: Banca Consumo"
658,BCP,Préstamo_personal_con_Garantía_LíquidaAdobe_PDF,Préstamo Personal con Garantía Líquida,CREDITOS PERSONALES,"Tasas de interés anual efectiva (TEA) para créditos personales de hasta S/ 5,000 con plazo máximo de 60 meses.",TASA,,,,,,,,,MN,,2025-10-24,Anual,,"Condiciones: Crédito hasta S/ 5,000 - con plazo máximo de 60 meses | Cliente: Persona Natural | Segmento: Banca Consumo"
659,BCP,Préstamo_personal_con_Garantía_LíquidaAdobe_PDF,Préstamo Personal con Garantía Líquida,CREDITOS PERSONALES,"Tasas de interés anual efectiva (TEA) para créditos personales de hasta S/ 7,000 con plazo máximo de 60 meses.",TASA,,,,,,,,,MN,,2025-10-24,Anual,,"Condiciones: Crédito hasta S/ 7,000 - con plazo máximo de 60 meses | Cliente: Persona Natural | Segmento: Banca Consumo"
660,BCP,Préstamo_personal_con_Garantía_LíquidaAdobe_PDF,Préstamo Personal con Garantía Líquida,CREDITOS PERSONALES,"Tasas de interés anual efectiva (TEA) para créditos personales de hasta S/250,000 con plazo máximo de 60 meses.",TASA,,,,,,,,,MN,,2025-10-24,Anual,,"Condiciones: Crédito hasta S/250,000 - con plazo máximo 60 meses | Cliente: Persona Natural | Segmento: Banca Consumo"
661,BCP,Préstamo_personal_con_Garantía_LíquidaAdobe_PDF,Préstamo Personal con Garantía Líquida,CREDITOS PERSONALES,"Tasas de interés anual efectiva (TEA) para clientes Banca Pyme con ingresos desde S/ 3,000.00.",TASA,,,,,,,,,MN,,2025-10-24,Anual,,"Solo en campaña | Condiciones: Clientes con Ingresos desde S/ 3,000.00 | Cliente: Persona Natural | Segmento: Banca Consumo"
662,BCP,Préstamo_personal_con_Garantía_LíquidaAdobe_PDF,Préstamo Personal con Garantía Líquida,Crédito Efectivo - Garantía Líquida,Tasas de interés anual efectiva (TEA) para créditos efectivos con garantía de Depósitos a Plazo y CBME.,TASA,,,,,,,,,MN,,2025-10-24,Anual,,Condiciones: Tipo de Garantía: Depósitos a Plazo y CBME | Cliente: Persona Natural | Segmento: Banca Consumo
663,BCP,Préstamo_personal_con_Garantía_LíquidaAdobe_PDF,Préstamo Personal con Garantía Líquida,Crédito Efectivo - Garantía Líquida,Tasas de interés anual efectiva (TEA) para créditos efectivos con garantía de Fondos Mutuos.,TASA,,,,,,,,,MN,,2025-10-24,Anual,,Condiciones: Tipo de Garantía: Fondos Mutuos | Cliente: Persona Natural | Segmento: Banca Consumo
664,BCP,Préstamo_personal_con_Garantía_LíquidaAdobe_PDF,Préstamo Personal con Garantía Líquida,Crédito Efectivo-Garantía Hipotecaria,"Tasas de interés anual efectiva (TEA) para créditos efectivos con garantía hipotecaria de S/ 87,500 hasta S/ 100,000.",TASA,,,,,,,,,MN,,2025-10-24,Anual,,"Condiciones: De S/ 87,500 hasta menos de S/ 100,000 - con plazo máximo 60 meses | Cliente: Persona Natural | Segmento: Banca Consumo"
665,BCP,Préstamo_personal_con_Garantía_LíquidaAdobe_PDF,Préstamo Personal con Garantía Líquida,Crédito Efectivo-Garantía Hipotecaria,"Tasas de interés anual efectiva (TEA) para créditos efectivos con garantía hipotecaria de S/ 100,000 hasta S/ 150,000.",TASA,,,,,,,,,MN,,2025-10-24,Anual,,"Condiciones: De S/ 100,000 hasta menos de S/ 150,000 - con plazo máximo 60 meses | Cliente: Persona Natural | Segmento: Banca Consumo"
666,BCP,Préstamo_personal_con_Garantía_LíquidaAdobe_PDF,Préstamo Personal con Garantía Líquida,Crédito Efectivo-Garantía Hipotecaria,"Tasas de interés anual efectiva (TEA) para créditos efectivos con garantía hipotecaria de S/ 150,000 hasta S/ 200,000.",TASA,,,,,,,,,MN,,2025-10-24,Anual,,"Condiciones: De S/ 150,000 hasta menos de S/ 200,000 - con plazo máximo 60 meses | Cliente: Persona Natural | Segmento: Banca Consumo"
667,BCP,Préstamo_personal_con_Garantía_LíquidaAdobe_PDF,Préstamo Personal con Garantía Líquida,Crédito Efectivo-Garantía Hipotecaria,"Tasas de interés anual efectiva (TEA) para créditos efectivos con garantía hipotecaria de S/ 200,000 hasta S/ 250,000.",TASA,,,,,,,,,MN,,2025-10-24,Anual,,"Condiciones: De S/ 200,000 hasta menos de S/ 250,000 - con plazo máximo 60 meses | Cliente: Persona Natural | Segmento: Banca Consumo"
668,BCP,Préstamo_personal_con_Garantía_LíquidaAdobe_PDF,Préstamo Personal con Garantía Líquida,Crédito Efectivo-Garantía Hipotecaria,"Tasas de interés anual efectiva (TEA) para créditos efectivos con garantía hipotecaria de S/ 250,000 hasta S/ 300,000.",TASA,,,,,,,,,MN,,2025-10-24,Anual,,"Condiciones: De S/ 250,000 hasta menos de S/ 300,000 - con plazo máximo 60 meses | Cliente: Persona Natural | Segmento: Banca Consumo"
669,BCP,Préstamo_personal_con_Garantía_LíquidaAdobe_PDF,Préstamo Personal con Garantía Líquida,Crédito Efectivo-Garantía Hipotecaria,"Tasas de interés anual efectiva (TEA) para créditos efectivos con garantía hipotecaria de S/ 300,000 hasta S/ 600,000.",TASA,,,,,,,,,MN,,2025-10-24,Anual,,"Condiciones: De S/ 300,000 hasta menos de S/ 600,000 - con plazo máximo 60 meses | Cliente: Persona Natural | Segmento: Banca Consumo"
670,BCP,Préstamo_personal_con_Garantía_LíquidaAdobe_PDF,Préstamo Personal con Garantía Líquida,Crédito Efectivo-Garantía Hipotecaria,"Tasas de interés anual efectiva (TEA) para créditos efectivos con garantía hipotecaria de S/ 600,000 a más.",TASA,,,,,,,,,MN,,2025-10-24,Anual,,"Condiciones: De S/ 600,000 a más - con plazo máximo 60 meses | Cliente: Persona Natural | Segmento: Banca Consumo"
671,BCP,Préstamo_personal_con_Garantía_LíquidaAdobe_PDF,Préstamo Personal con Garantía Líquida,Crédito Efectivo-Garantía Hipotecaria,"Tasas de interés anual efectiva (TEA) para créditos efectivos con garantía hipotecaria de S/ 87,500 hasta S/ 100,000 con plazo de 120 meses.",TASA,,,,,,,,,MN,,2025-10-24,Anual,,"Condiciones: De S/ 87,500 hasta menos de S/ 100,000 - con plazo máximo 120 meses | Cliente: Persona Natural | Segmento: Banca Consumo"
672,BCP,Préstamo_personal_con_Garantía_LíquidaAdobe_PDF,Préstamo Personal con Garantía Líquida,Crédito Efectivo-Garantía Hipotecaria,"Tasas de interés anual efectiva (TEA) para créditos efectivos con garantía hipotecaria de S/ 100,000 hasta S/ 150,000 con plazo de 120 meses.",TASA,,,,,,,,,MN,,2025-10-24,Anual,,"Condiciones: De S/ 100,000 hasta menos de S/ 150,000 - con plazo máximo 120 meses | Cliente: Persona Natural | Segmento: Banca Consumo"
673,BCP,Préstamo_personal_con_Garantía_LíquidaAdobe_PDF,Préstamo Personal con Garantía Líquida,Crédito Efectivo-Garantía Hipotecaria,"Tasas de interés anual efectiva (TEA) para créditos efectivos con garantía hipotecaria de S/ 150,000 hasta S/ 200,000 con plazo de 120 meses.",TASA,,,,,,,,,MN,,2025-10-24,Anual,,"Condiciones: De S/ 150,000 hasta menos de S/ 200,000 - con plazo máximo 120 meses | Cliente: Persona Natural | Segmento: Banca Consumo"
674,BCP,Préstamo_personal_con_Garantía_LíquidaAdobe_PDF,Préstamo Personal con Garantía Líquida,Crédito Efectivo-Garantía Hipotecaria,"Tasas de interés anual efectiva (TEA) para créditos efectivos con garantía hipotecaria de S/ 200,000 hasta S/ 250,000 con plazo de 120 meses.",TASA,,,,,,,,,MN,,2025-10-24,Anual,,"Condiciones: De S/ 200,000 hasta menos de S/ 250,000 - con plazo máximo 120 meses | Cliente: Persona Natural | Segmento: Banca Consumo"
675,BCP,Préstamo_personal_con_Garantía_LíquidaAdobe_PDF,Préstamo Personal con Garantía Líquida,Crédito Efectivo-Garantía Hipotecaria,"Tasas de interés anual efectiva (TEA) para créditos efectivos con garantía hipotecaria de S/ 250,000 hasta S/ 300,000 con plazo de 120 meses.",TASA,,,,,,,,,MN,,2025-10-24,Anual,,"Condiciones: De S/ 250,000 hasta menos de S/ 300,000 - con plazo máximo 120 meses | Cliente: Persona Natural | Segmento: Banca Consumo"
676,BCP,Préstamo_personal_con_Garantía_LíquidaAdobe_PDF,Préstamo Personal con Garantía Líquida,Crédito Efectivo-Garantía Hipotecaria,"Tasas de interés anual efectiva (TEA) para créditos efectivos con garantía hipotecaria de S/ 300,000 hasta S/ 600,000 con plazo de 120 meses.",TASA,,,,,,,,,MN,,2025-10-24,Anual,,"Condiciones: De S/ 300,000 hasta menos de S/ 600,000 - con plazo máximo 120 meses | Cliente: Persona Natural | Segmento: Banca Consumo"
677,BCP,Préstamo_personal_con_Garantía_LíquidaAdobe_PDF,Préstamo Personal con Garantía Líquida,Crédito Efectivo-Garantía Hipotecaria,"Tasas de interés anual efectiva (TEA) para créditos efectivos con garantía hipotecaria de S/ 600,000 a más con plazo de 120 meses.",TASA,,,,,,,,,MN,,2025-10-24,Anual,,"Condiciones: De S/ 600,000 a más - con plazo máximo 120 meses | Cliente: Persona Natural | Segmento: Banca Consumo"
678,BCP,Préstamo_personal_con_Garantía_LíquidaAdobe_PDF,Préstamo Personal con Garantía Líquida,TEA expresada en 360 días,Indicador de la Tasa Anual Efectiva expresada en un periodo de 360 días.,TASA,,,,,,,,,,,2025-10-24,,,Cliente: Persona Natural | Segmento: Banca Consumo
679,BCP,Tarjeta_de_Crédito_Visa_Infinite_QoreAdobe_PDF,Tarjeta de Crédito Visa Infinite Qore,Membresía Anual,Comisión anual por membresía de la tarjeta Visa Infinite Qore.,COMISION,,,,,,,,,,,2025-10-24,Anual,,Cliente: Persona Natural
680,BCP,Tarjeta_de_Crédito_Visa_Infinite_QoreAdobe_PDF,Tarjeta de Crédito Visa Infinite Qore,Membresía Anual,Comisión anual por membresía de la tarjeta Visa Infinite Qore.,COMISION,,,,,,,,,,,2025-10-24,Anual,,Cliente: Persona Natural
682,BCP,Tarjeta_de_Crédito_Visa_Infinite_QoreAdobe_PDF,Tarjeta de Crédito Visa Infinite Qore,Envío físico de estado de cuenta,Costo por envío físico del estado de,OTRO,,,,,,,,,,,2025-10-24,,,Cliente: Persona Natural
721,BCP,Compra_de_DeudaAdobe_PDF,Compra de Deuda,Clientes Banca Consumo - Crédito hasta S/ 300 - plazo máximo de 3 meses,Rango de tasas de interés anual para créditos personales de consumo de bajo monto y plazo corto.,TASA,,,,,,,,,AMBAS,,2025-10-24,Anual,,"Condiciones: Crédito hasta S/ 300, plazo máximo 3 meses"
722,BCP,Compra_de_DeudaAdobe_PDF,Compra de Deuda,Clientes Banca Consumo - Crédito hasta S/ 750 - plazo máximo de 6 meses,Rango de tasas de interés anual para créditos personales de consumo hasta S/ 750 y plazo de 6 meses.,TASA,,,,,,,,,AMBAS,,2025-10-24,Anual,,"Condiciones: Crédito hasta S/ 750, plazo máximo 6 meses"
723,BCP,Compra_de_DeudaAdobe_PDF,Compra de Deuda,"Clientes Banca Consumo - Crédito hasta S/ 2,500 - con plazo máximo de 60 meses","Rango de tasas de interés anual para créditos personales de consumo hasta S/ 2,500 y plazo de 60 meses.",TASA,,,,,,,,,AMBAS,,2025-10-24,Anual,,"Condiciones: Crédito hasta S/ 2,500, plazo máximo 60 meses"
724,BCP,Compra_de_DeudaAdobe_PDF,Compra de Deuda,"Clientes Banca Consumo - Crédito hasta S/ 5,000 - con plazo máximo de 60 meses","Rango de tasas de interés anual para créditos personales de consumo hasta S/ 5,000 y plazo de 60 meses.",TASA,,,,,,,,,AMBAS,,2025-10-24,Anual,,"Condiciones: Crédito hasta S/ 5,000, plazo máximo 60 meses"
725,BCP,Compra_de_DeudaAdobe_PDF,Compra de Deuda,"Clientes Banca Consumo - Crédito hasta S/ 7,000 - con plazo máximo de 60 meses","Rango de tasas de interés anual para créditos personales de consumo hasta S/ 7,000 y plazo de 60 meses.",TASA,,,,,,,,,AMBAS,,2025-10-24,Anual,,"Condiciones: Crédito hasta S/ 7,000, plazo máximo 60 meses"
726,BCP,Compra_de_DeudaAdobe_PDF,Compra de Deuda,"Clientes Banca Consumo - Crédito hasta S/250,000 - con plazo máximo 60 meses","Rango de tasas de interés anual para créditos personales de consumo hasta S/ 250,000 y plazo de 60 meses.",TASA,,,,,,,,,AMBAS,,2025-10-24,Anual,,"Condiciones: Crédito hasta S/ 250,000, plazo máximo 60 meses"
727,BCP,Compra_de_DeudaAdobe_PDF,Compra de Deuda,"Clientes Banca Pyme (Solo en campaña) - Clientes con Ingresos desde S/ 3,000.00","Rango de tasas de interés anual para créditos de pymes en campaña, con ingresos desde S/ 3,000.",TASA,,,,,,,,,AMBAS,,2025-10-24,Anual,,"Condiciones: Solo en campaña, ingresos desde S/ 3,000"
728,BCP,Compra_de_DeudaAdobe_PDF,Compra de Deuda,Crédito Efectivo - Garantia Liquida - Tipo de Garantía: Depósitos a Plazo y CBME,Rango de tasas de interés anual para créditos efectivos con garantía de depósitos a plazo y CBME.,TASA,,,,,,,,,AMBAS,,2025-10-24,Anual,,"Monto mínimo S/ 7,500 | Condiciones: Monto mínimo S/ 7,500"
729,BCP,Compra_de_DeudaAdobe_PDF,Compra de Deuda,Crédito Efectivo - Garantia Liquida - Tipo de Garantía: Fondos Mutuos,Rango de tasas de interés anual para créditos efectivos con garantía de fondos mutuos.,TASA,,,,,,,,,AMBAS,,2025-10-24,Anual,,"Monto mínimo S/ 7,500 | Condiciones: Monto mínimo S/ 7,500"
730,BCP,Compra_de_DeudaAdobe_PDF,Compra de Deuda,"Crédito Efectivo-Garantía Hipotecaria - De S/ 87,500 hasta menos de S/ 100,000 - con plazo máximo 60 meses","Rango de tasas de interés anual para créditos efectivos con garantía hipotecaria, monto S/ 87,500 a S/ 100,000.",TASA,,,,,,,,,AMBAS,,2025-10-24,Anual,,"Condiciones: Monto de S/ 87,500 a menos de S/ 100,000, plazo máximo 60 meses"
731,BCP,Compra_de_DeudaAdobe_PDF,Compra de Deuda,"Crédito Efectivo-Garantía Hipotecaria - De S/ 100,000 hasta menos de S/ 150,000 - con plazo máximo 60 meses","Rango de tasas de interés anual para créditos efectivos con garantía hipotecaria, monto S/ 100,000 a S/ 150,000.",TASA,,,,,,,,,AMBAS,,2025-10-24,Anual,,"Condiciones: Monto de S/ 100,000 a menos de S/ 150,000, plazo máximo 60 meses"
732,BCP,Compra_de_DeudaAdobe_PDF,Compra de Deuda,"Crédito Efectivo-Garantía Hipotecaria - De S/ 150,000 hasta menos de S/ 200,000 - con plazo máximo 60 meses","Rango de tasas de interés anual para créditos efectivos con garantía hipotecaria, monto S/ 150,000 a S/ 200,000.",TASA,,,,,,,,,AMBAS,,2025-10-24,Anual,,"Condiciones: Monto de S/ 150,000 a menos de S/ 200,000, plazo máximo 60 meses"
733,BCP,Compra_de_DeudaAdobe_PDF,Compra de Deuda,"Crédito Efectivo-Garantía Hipotecaria - De S/ 200,000 hasta menos de S/ 250,000 - con plazo máximo 60 meses","Rango de tasas de interés anual para créditos efectivos con garantía hipotecaria, monto S/ 200,000 a S/ 250,000.",TASA,,,,,,,,,AMBAS,,2025-10-24,Anual,,"Condiciones: Monto de S/ 200,000 a menos de S/ 250,000, plazo máximo 60 meses"
734,BCP,Compra_de_DeudaAdobe_PDF,Compra de Deuda,"Crédito Efectivo-Garantía Hipotecaria - De S/ 250,000 hasta menos de S/ 300,000 - con plazo máximo 60 meses","Rango de tasas de interés anual para créditos efectivos con garantía hipotecaria, monto S/ 250,000 a S/ 300,000.",TASA,,,,,,,,,AMBAS,,2025-10-24,Anual,,"Condiciones: Monto de S/ 250,000 a menos de S/ 300,000, plazo máximo 60 meses"
735,BCP,Compra_de_DeudaAdobe_PDF,Compra de Deuda,"Crédito Efectivo-Garantía Hipotecaria - De S/ 300,000 hasta menos de S/ 600,000 - con plazo máximo 60 meses","Rango de tasas de interés anual para créditos efectivos con garantía hipotecaria, monto S/ 300,000 a S/ 600,000.",TASA,,,,,,,,,AMBAS,,2025-10-24,Anual,,"Condiciones: Monto de S/ 300,000 a menos de S/ 600,000, plazo máximo 60 meses"
736,BCP,Compra_de_DeudaAdobe_PDF,Compra de Deuda,"Crédito Efectivo-Garantía Hipotecaria - De S/ 600,000 a más - con plazo máximo 60 meses","Rango de tasas de interés anual para créditos efectivos con garantía hipotecaria, monto S/ 600,000 a más.",TASA,,,,,,,,,AMBAS,,2025-10-24,Anual,,"Condiciones: Monto de S/ 600,000 a más, plazo máximo 60 meses"
737,BCP,Compra_de_DeudaAdobe_PDF,Compra de Deuda,"Crédito Efectivo-Garantía Hipotecaria - De S/ 87,500 hasta menos de S/ 100,000 - con plazo máximo 120 meses","Rango de tasas de interés anual para créditos efectivos con garantía hipotecaria, monto S/ 87,500 a S/ 100,000.",TASA,,,,,,,,,AMBAS,,2025-10-24,Anual,,"Condiciones: Monto de S/ 87,500 a menos de S/ 100,000, plazo máximo 120 meses"
738,BCP,Compra_de_DeudaAdobe_PDF,Compra de Deuda,"Crédito Efectivo-Garantía Hipotecaria - De S/ 100,000 hasta menos de S/ 150,000 - con plazo máximo 120 meses","Rango de tasas de interés anual para créditos efectivos con garantía hipotecaria, monto S/ 100,000 a S/ 150,000.",TASA,,,,,,,,,AMBAS,,2025-10-24,Anual,,"Condiciones: Monto de S/ 100,000 a menos de S/ 150,000, plazo máximo 120 meses"
739,BCP,Compra_de_DeudaAdobe_PDF,Compra de Deuda,"Crédito Efectivo-Garantía Hipotecaria - De S/ 150,000 hasta menos de S/ 200,000 - con plazo máximo 120 meses","Rango de tasas de interés anual para créditos efectivos con garantía hipotecaria, monto S/ 150,000 a S/ 200,000.",TASA,,,,,,,,,AMBAS,,2025-10-24,Anual,,"Condiciones: Monto de S/ 150,000 a menos de S/ 200,000, plazo máximo 120 meses"
740,BCP,Compra_de_DeudaAdobe_PDF,Compra de Deuda,"Crédito Efectivo-Garantía Hipotecaria - De S/ 200,000 hasta menos de S/ 250,000 - con plazo máximo 120 meses","Rango de tasas de interés anual para créditos efectivos con garantía hipotecaria, monto S/ 200,000 a S/ 250,000.",TASA,,,,,,,,,AMBAS,,2025-10-24,Anual,,"Condiciones: Monto de S/ 200,000 a menos de S/ 250,000, plazo máximo 120 meses"
759,BCP,Crédito_VehicularAdobe_PDF,Crédito Vehicular,Gasto Notarial,Costo por operación notarial relacionada con el crédito vehicular.,GASTO,,,,,,,,,AMBAS,01/06/2025,2025-10-24,Por operación,,Según tarifa de notaría autorizada por el BCP.
760,BCP,Crédito_VehicularAdobe_PDF,Crédito Vehicular,Gasto Registros Públicos,Costo por operación de registro en Registros Públicos.,GASTO,,,,,,,,,AMBAS,01/06/2025,2025-10-24,Por operación,,Según tarifa de Registros Públicos
761,BCP,Crédito_con_Garantía_HipotecariaAdobe_PDF,Crédito con Garantía Hipotecaria,Clientes Banca Consumo - Crédito hasta S/ 300 - plazo máximo de 3 meses,Rango de tasas de interés anual para créditos personales de bajo monto y plazo corto.,TASA,,,,,,,,,AMBAS,,2025-10-24,,,Condiciones: Crédito hasta S/ 300 - plazo máximo de 3 meses
762,BCP,Crédito_con_Garantía_HipotecariaAdobe_PDF,Crédito con Garantía Hipotecaria,Clientes Banca Consumo - Crédito hasta S/ 750 - plazo máximo de 6 meses,Rango de tasas de interés anual para créditos personales de monto moderado y plazo corto.,TASA,,,,,,,,,AMBAS,,2025-10-24,,,Condiciones: Crédito hasta S/ 750 - plazo máximo de 6 meses
763,BCP,Crédito_con_Garantía_HipotecariaAdobe_PDF,Crédito con Garantía Hipotecaria,"Clientes Banca Consumo - Crédito hasta S/ 2,500 - con plazo máximo de 60 meses",Rango de tasas de interés anual para créditos personales de monto medio y plazo largo.,TASA,,,,,,,,,AMBAS,,2025-10-24,,,"Condiciones: Crédito hasta S/ 2,500 - con plazo máximo de 60 meses"
764,BCP,Crédito_con_Garantía_HipotecariaAdobe_PDF,Crédito con Garantía Hipotecaria,"Clientes Banca Consumo - Crédito hasta S/ 5,000 - con plazo máximo de 60 meses",Rango de tasas de interés anual para créditos personales de monto medio-alto y plazo largo.,TASA,,,,,,,,,AMBAS,,2025-10-24,,,"Condiciones: Crédito hasta S/ 5,000 - con plazo máximo de 60 meses"
765,BCP,Crédito_con_Garantía_HipotecariaAdobe_PDF,Crédito con Garantía Hipotecaria,"Clientes Banca Consumo - Crédito hasta S/ 7,000 - con plazo máximo de 60 meses",Rango de tasas de interés anual para créditos personales de monto alto y plazo largo.,TASA,,,,,,,,,AMBAS,,2025-10-24,,,"Condiciones: Crédito hasta S/ 7,000 - con plazo máximo de 60 meses"
766,BCP,Crédito_con_Garantía_HipotecariaAdobe_PDF,Crédito con Garantía Hipotecaria,"Clientes Banca Consumo - Crédito hasta S/250,000 - con plazo máximo 60 meses",Rango de tasas de interés anual para créditos personales de monto muy alto y plazo largo.,TASA,,,,,,,,,AMBAS,,2025-10-24,,,"Condiciones: Crédito hasta S/250,000 - con plazo máximo 60 meses"
767,BCP,Crédito_con_Garantía_HipotecariaAdobe_PDF,Crédito con Garantía Hipotecaria,"Clientes Banca Pyme (Solo en campaña) - Clientes con Ingresos desde S/ 3,000.00, tasas entre",Rango de tasas de interés anual para clientes Pyme en campaña con ingresos mínimos.,TASA,,,,,,,,,AMBAS,,2025-10-24,,,"Condiciones: Clientes con Ingresos desde S/ 3,000.00, tasas entre"
770,BCP,Crédito_con_Garantía_HipotecariaAdobe_PDF,Crédito con Garantía Hipotecaria,"Crédito Efectivo-Garantía Hipotecaria - De S/ 87,500 hasta menos de S/ 100,000 - con plazo máximo 60 meses",Rango de tasas de interés anual para crédito hipotecario de monto medio-alto y plazo corto.,TASA,,,,,,,,,AMBAS,,2025-10-24,,,"Condiciones: De S/ 87,500 hasta menos de S/ 100,000 - con plazo máximo 60 meses"
771,BCP,Crédito_con_Garantía_HipotecariaAdobe_PDF,Crédito con Garantía Hipotecaria,"Crédito Efectivo-Garantía Hipotecaria - De S/ 100,000 hasta menos de S/ 150,000 - con plazo máximo 60 meses",Rango de tasas de interés anual para crédito hipotecario de monto alto y plazo corto.,TASA,,,,,,,,,AMBAS,,2025-10-24,,,"Condiciones: De S/ 100,000 hasta menos de S/ 150,000 - con plazo máximo 60 meses"
772,BCP,Crédito_con_Garantía_HipotecariaAdobe_PDF,Crédito con Garantía Hipotecaria,"Crédito Efectivo-Garantía Hipotecaria - De S/ 150,000 hasta menos de S/ 200,000 - con plazo máximo 60 meses",Rango de tasas de interés anual para crédito hipotecario de monto alto y plazo corto.,TASA,,,,,,,,,AMBAS,,2025-10-24,,,"Condiciones: De S/ 150,000 hasta menos de S/ 200,000 - con plazo máximo 60 meses"
773,BCP,Crédito_con_Garantía_HipotecariaAdobe_PDF,Crédito con Garantía Hipotecaria,"Crédito Efectivo-Garantía Hipotecaria - De S/ 200,000 hasta menos de S/ 250,000 - con plazo máximo 60 meses",Rango de tasas de interés anual para crédito hipotecario de monto alto y plazo corto.,TASA,,,,,,,,,AMBAS,,2025-10-24,,,"Condiciones: De S/ 200,000 hasta menos de S/ 250,000 - con plazo máximo 60 meses"
775,BCP,Financiamiento_ElectrónicoAdobe_PDF,Financiamiento Electrónico,"Moneda Nacional/Extranjera para Banca Corporativa, Banca Empresa y Banca Institucional",Especificación de moneda para diferentes segmentos de banca empresarial.,OTRO,,,,,,,,,,,2025-10-24,,,Cliente: Empresa
776,BCP,Financiamiento_ElectrónicoAdobe_PDF,Financiamiento Electrónico,Moneda Nacional/Extranjera para Banca de Negocios,Especificación de moneda para banca de negocios.,OTRO,,,,,,,,,,,2025-10-24,,,Cliente: Empresa
853,Interbank,TAR_0059Bt1664485172904,,Impuesto a las transacciones financieras (ITF),Impuesto a las transacciones financieras (ITF).,OTRO,,,,,,,,,AMBAS,,2025-10-24,,Al efectuar el débito o cargo en cuenta.,
870,Interbank,TAR_0140t1688483302507,,Por tarjeta titular,Comisión anual por membresía de tarjeta titular.,COMISION,,,,,,,,,AMBAS,,2025-10-24,,,
875,Interbank,TAR_0140t1688483302507,,Comisión por reposición de tarjeta,Comisión por reposición de tarjeta de crédito.,COMISION,,,,,,,,,AMBAS,,2025-10-24,,,
880,Interbank,TAR_0140t1688483302507,,Impuesto a las transacciones financieras,Impuesto a las transacciones financieras (ITF).,OTRO,,,,,,,,,AMBAS,,2025-10-24,,Al efectuar el pago.,Al efectuar el pago.
921,Interbank,TAR_0106t1662583158939,Cheques Personalizados,"Costo por copia adicional - Medidas (pulgadas): 3"" y 2 5/6""","Costo por copia adicional de cheque, tamaño 3"" a 2.8"".",GASTO,,,,,,,,,,,2025-10-24,,,Costo por copia adicional. Medidas (pulg
926,Interbank,TAR_0202t1696348229524,Tarifario General,Gastos por tasación,"Costo por tasación de inmueble, según tarifario de garantías.",GASTO,,,,,,,,,AMBAS,,2025-10-24,,Antes de la tasación del inmueble.,Las notarías son establecidas por el banco. Los gastos serán cobrados según su tarifa. | Condiciones: Según Tarifario de Garantías
927,Interbank,TAR_0202t1696348229524,Tarifario General,Gastos notariales,"Costo por gastos notariales, aplicable antes del desembolso.",GASTO,,,,,,,,,AMBAS,,2025-10-24,,Antes del desembolso.,Tarifa establecida por la oficina de registros públicos de la ciudad donde se localiza el inmueble.
928,Interbank,TAR_0202t1696348229524,Tarifario General,Gastos registrales,"Costo por gastos registrales, aplicable antes del desembolso.",GASTO,,,,,,,,,AMBAS,,2025-10-24,,Antes del desembolso.,Tarifa establecida por la oficina de registros públicos de la ciudad donde se localiza el inmueble.
939,Interbank,TAR_0202t1696348229524,Tarifario General,Impuesto a las transacciones financieras - ITF,Impuesto aplicado a las transacciones financieras.,IMPUESTO,,,,,,,,,AMBAS,,2025-10-24,,Al efectuarse el desembol so y los pagos.,"La comisión se cobra en base al saldo a pagar. Esta comisión no aplica para Línea múltiple, Revolvente ni Comex. No aplica para clientes que se encuentren bajo el marco normativo del reglamento de gestión conducta de mercado del sistema financiero."
945,Interbank,TAR_0179t1662582945766,Tarifario de Cobranza Documentaria de Importación,Comisión de aceptación,Costo por aceptación de letra de cambio en operaciones de importación.,COMISION,,,,,,,,,ME,,2025-10-24,,,Se aplica si la cobranza es a plazo.
969,Interbank,TAR_0244t1252638503,,Gastos por tasación,Costo por la tasación del inmueble.,GASTO,,,,,,,,,AMBAS,,2025-10-24,,Antes de la tasación del inmueble.,5. Gastos por tasación (5) | Condiciones: Según Tarifario de Garantías
973,Interbank,TAR_0244t1252638503,,Gastos notariales y/o registrales,Costos asociados a trámites notariales y registrales.,GASTO,,,,,,,,,AMBAS,,2025-10-24,,Antes del desembolso. (12),9. Gastos notariales y/o registrales (9)(10)(11)(12)
974,Interbank,TAR_0244t1252638503,,Gastos notariales,Costo por servicios notariales.,GASTO,,,,,,,,,AMBAS,,2025-10-24,,Antes del desembolso.,9.1 Gastos notariales (13)
975,Interbank,TAR_0244t1252638503,,Gastos registrales,Costo por servicios registrales.,GASTO,,,,,,,,,AMBAS,,2025-10-24,,Antes del desembolso.,9.2 Gastos registrales (14)
987,Interbank,TAR_0024t1696348229524,,Depósitos libres en ventanilla red de tiendas,Número ilimitado de depósitos gratuitos en ventanillas de tiendas.,COMISION,,,,,,,,,MN,,2025-10-24,,,"Con excepción de los empleadores con RUC: 20372081831, 20100032709, 20411051782, 20310422755, 2014697650, 20495175210, 20336183791, 20452675804, 20515349309, se te hará un cobro de S/ 8 si tu cuenta está en soles y si está en dólares será de $3 por retiro o depósito."
988,Interbank,TAR_0024t1696348229524,,Retiro libre en red de tiendas,Número ilimitado de retiros gratuitos en tiendas.,COMISION,,,,,,,,,MN,,2025-10-24,,,"Con excepción de los empleadores con RUC: 20372081831, 20100032709, 20411051782, 20310422755, 2014697650, 20495175210, 20336183791, 20452675804, 20515349309, se te hará un cobro de S/ 8 si tu cuenta está en soles y si está en dólares será de $3 por retiro o depósito."
993,Interbank,TAR_0024t1696348229524,,"Retiro, depósito, cancelación o transferencia interplaza",Comisión por operaciones en diferentes localidades o entre cuentas Interbank.,COMISION,,,,,,,,,ME,,2025-10-24,,Al efectuar la transacción,"Operaciones en Cuenta: (a)Los depósitos, retiros y cancelaciones interplaza son transacciones realizadas en una ciudad distinta a la provincia donde se abrió la cuenta (destino de los fondos). Las transferencias interplaza son las realizadas entre cuentas Interbank. Los límites de operaciones de cada canal, en el caso de venta de divisas, podrá existir un cobro de S/ 8.00 o US$3.00 por concepto de exceso de operaciones de acuerdo a lo mencionado en el presente tarifario. (b) Por conversión de moneda distinta a dólares se aplica el 3% del importe del cargo. (c) No aplica para operaciones interbancarias."
995,Interbank,TAR_0024t1696348229524,,"Consulta de saldos y movimientos en cajeros automáticos Global Net, Plus Global Net",Operación gratuita para consulta de saldos y movimientos en cajeros automáticos.,COMISION,,,,,,,,,AMBAS,,2025-10-24,,Al efectuar la transacción,"El detalle de las comisiones cobradas por servicios transversales, tales como: transferencias interbancarias, emisión de chequera, cobro de cheques, copia de documentos, entre otros, podrás ubicarlos en nuestros los tarifarios publicados en nuestra página web www.interbank.com.pe o en la red de Tiendas Interbank."
1003,Interbank,TAR_0024t1696348229524,,Envío físico de estado de cuenta (a solicitud del cliente),Comisión por el envío físico del estado de cuenta a solicitud del cliente.,COMISION,,,,,,,,,MN,,2025-10-24,Mensual,,Servicios asociados a la cuenta
1005,Interbank,TAR_0024t1696348229524,,Reposición de Tarjeta Interbank Visa Débito Clásica o Benefit,Costo por la reposición de una tarjeta de débito Interbank.,COMISION,,,,,,,,,,,2025-10-24,,,Tarjeta de Déb
1009,Interbank,TAR_0020t1701123546311,,Depósitos y retiros en ventanilla red de tiendas - Número de transacciones libres de costos,Límite de depósitos y retiros gratuitos en tiendas por saldo promedio mensual,OTRO,,,,,,,,,MN,,2025-10-24,Mensual,,Para saldo promedio mensual (S/): | Condiciones: Saldo promedio mensual
1012,Interbank,TAR_0020t1701123546311,,Depósitos y retiros en Interbank Agente - Número de transacciones libres,Límite de depósitos y retiros gratuitos en agentes por saldo promedio mensual en US$,OTRO,,,,,,,,,ME,,2025-10-24,Mensual,,Para saldo promedio mensual (US$): | Condiciones: Saldo promedio mensual
1015,Interbank,TAR_0020t1701123546311,,Depósitos y retiros en Interbank Agente - Ilimitado,Depósitos y retiros ilimitados en agentes sin costo,COMISION,,,,,,,,,AMBAS,,2025-10-24,,,4. Depósitos y retiros en Interbank Agente (4)(5)
1016,Interbank,TAR_0020t1701123546311,,Depósitos y retiros en cajeros Global Net y Plus Global net,Depósitos y retiros ilimitados en cajeros Global Net y Plus Global Net,COMISION,,,,,,,,,AMBAS,,2025-10-24,,,5. Depósitos y retiros en cajeros Global Net y Plus Global net (6)
1017,Interbank,TAR_0020t1701123546311,,Depósitos en cajeros Global Net y Plus Global Net,Depósitos ilimitados en cajeros Global Net y Plus Global Net,COMISION,,,,,,,,,AMBAS,,2025-10-24,,,Depósitos
1019,Interbank,TAR_0020t1701123546311,,Retiro interplaza en ventanilla Red de tiendas y cajeros Global Net,Retiro interplaza sin costo en tiendas y cajeros Global Net,COMISION,,,,,,,,,AMBAS,,2025-10-24,,,6. Retiro interplaza en ventanilla Red de tiendas y cajeros Global Net (8)(9)
1030,Interbank,TAR_0020t1701123546311,,Mantenimiento de cuenta,Comisión mensual por mantenimiento de cuenta,COMISION,,,,,,,,,AMBAS,,2025-10-24,Mensual,,17. Mantenimiento de cuenta
1036,Interbank,TAR_0020t1701123546311,,Emisión de Tarjeta Interbank Visa Débito Benefit,Emisión gratuita de Tarjeta Interbank Visa Débito Benefit,COMISION,,,,,,,,,AMBAS,,2025-10-24,,Al procesar la transacción.,21. Emisión de Tarjeta Interbank Visa Débito Benefit(13)
1037,Interbank,TAR_0074t1664485172903,,Tasa de interés compensatoria anual fija - Plazo de 4 años - Moneda extranjera,"Tasa anual fija para créditos en moneda extranjera a 4 años, con rangos de monto.",TASA,,,,,,,,,ME,,2025-10-24,,,"De US$ 7,000.00 a US$ 30,000.00(16) | Condiciones: De US$ 7,000.00 a US$ 30,000.00(16)"
1038,Interbank,TAR_0074t1664485172903,,Tasa de interés compensatoria anual fija - Plazo de 4 años - Moneda extranjera,"Tasa anual fija para créditos en moneda extranjera a 4 años, con rangos de monto.",TASA,,,,,,,,,ME,,2025-10-24,,,"De US$ 30,001.00 a US$ 120,000.00(16) | Condiciones: De US$ 30,001.00 a US$ 120,000.00(16)"
1039,Interbank,TAR_0074t1664485172903,,Tasa de interés compensatoria anual fija - Plazo de 4 años - Moneda extranjera,"Tasa anual fija para créditos en moneda extranjera a 4 años, con rangos de monto.",TASA,,,,,,,,,ME,,2025-10-24,,,"De US$ 120,001.00 a US$ 242,000.00(16) | Condiciones: De US$ 120,001.00 a US$ 242,000.00(16)"
1040,Interbank,TAR_0074t1664485172903,,Tasa de interés compensatoria anual fija - Plazo de 4 años - Moneda extranjera,"Tasa anual fija para créditos en moneda extranjera a 4 años, con rangos de monto.",TASA,,,,,,,,,ME,,2025-10-24,,,"Más de US$ 242,000.00(16) | Condiciones: Más de US$ 242,000.00(16)"
1062,Interbank,TAR_0074t1664485172903,,Derecho registral (DR),Costo por derecho registral asociado a la inscripción.,GASTO,,,,,,,,,MN,,2025-10-24,,,8.Gastos registrales(4)(11)
1065,Interbank,TAR_0074t1664485172903,,Impuesto a las transacciones financieras (ITF),Tributo aplicado a las transacciones financieras.,OTRO,,,,,,,,,AMBAS,,2025-10-24,,"Al momento de efectuar el desembolso, al realizar el pago de las cuotas, comisiones, gastos o pagos anticipados, según corresponda.",11. Impuesto a las transacciones financieras (ITF)
1073,Interbank,TAR_0244t2052618540,,Gastos por tasación,Costo asociado a la evaluación del valor del inmueble.,GASTO,,,,,,,,,AMBAS,,2025-10-24,,Antes de la tasación del inmueble.,Se rige según evaluación del inmueble y por el Tarifario de Garantías. | Condiciones: Según Tarifario de Garantías
1077,Interbank,TAR_0244t2052618540,,Gastos notariales y/o registrales,Costos asociados a trámites notariales y registrales.,GASTO,,,,,,,,,AMBAS,,2025-10-24,,Antes del desembolso. (12),"La moneda de los conceptos de gasto/comisión indicados es soles, independientemente de la moneda en que el crédito fue contratado."
1078,Interbank,TAR_0244t2052618540,,Gastos notariales,Costo por servicios notariales para formalizar operaciones.,GASTO,,,,,,,,,AMBAS,,2025-10-24,,Antes del desembolso.,Las notarías son establecidas por el banco. Los gastos serán cobrados según su tarifa.
1079,Interbank,TAR_0244t2052618540,,Gastos registrales,Costo por inscripción de documentos en registros públicos.,GASTO,,,,,,,,,AMBAS,,2025-10-24,,Antes del desembolso.,Tarifa establecida por la oficina de registros públicos de la ciudad donde se localiza el inmueble.
1082,Interbank,TAR_0244t2052618540,,Comisión por confirmación de saldos y firmas autorizadas,Costo por verificar saldos y firmas de representantes autorizados.,COMISION,,,,,,,,,AMBAS,,2025-10-24,,Al realizar la operación,"El servicio incluye información de saldos de productos y firmas de los representantes de la empresa. El cobro se aplicará por solicitud presentada. La tarifa de S/ 90.00 implica exclusivamente el envío del documento de saldos y firmas por vía electrónica. En caso requiera que el envío se realice en físico, el costo requiere el envío físico, se considerará como una nueva solicitud, por lo que corresponderá realizar el pago de la tarifa correspondiente de S/ 110.00"
1091,Interbank,TAR_0244t2052618540,,Impuesto a las transacciones financieras - ITF,Impuesto aplicado a ciertas transacciones financieras.,TRIBUTO,,,,,,,,,AMBAS,,2025-10-24,,,"El cobro se realizará por el monto de la operación, según tasa vigente en el tarifario Servicios Varios PJ para dicho concepto."
1092,Interbank,TAR_0244t2052618540,,Gasto de Reactiva Perú,Costo asociado a la garantía del programa Reactiva Perú.,GASTO,,,,,,,,,AMBAS,,2025-10-24,,,"Aplica solo para clientes que hayan accedido al crédito a través del Programa Reactiva Perú. Este cargo es por la garantía otorgada por el Gobierno Nacional e incluye los costos de administración de COFIDE. En ningún caso puede ser una comisión de Interbank. Dicho cargo no está incluido en las cuotas del crédito y será cancelado por el cliente previamente al realizar el pago de la cuota doce (12), veinticuatro (24) y treinta y seis (36) o podrá ser debitado de la cuenta que el cliente autorice en el Acuerdo y solicitud del Crédito."
1093,Interbank,TAR_0162Bt1698330105636,,Administración de caja de seguridad,Costo semestral por el alquiler y administración de una caja de seguridad.,COMISION,,,,,,,,,AMBAS,,2025-10-24,Semestral,,El cobro se realiza por adelantado.
1103,Interbank,TAR_0159At1698330218072,,Impuesto a las transacciones financieras (ITF),Costo del Impuesto a las Transacciones Financieras (ITF).,GASTO,,,,,,,,,AMBAS,,2025-10-24,,Al efectuar pago de comisiones aplicables.,Cliente: Persona Jurídica
1106,Interbank,TAR_0013t1696348229524,,Impuesto a las transacciones financieras (ITF),Costo del Impuesto a las Transacciones Financieras (ITF).,GASTO,,,,,,,,,AMBAS,,2025-10-24,,Al efectuar acreditación o débito.,
1120,Interbank,TAR_0067t1664485172904,,Impuesto a las transacciones financieras (ITF),Costo del Impuesto a las Transacciones Financieras (ITF).,GASTO,,,,,,,,,AMBAS,,2025-10-24,,,
1123,Interbank,TAR_0225t1696610001016,,Límite máximo de disposición de efectivo,El límite máximo para disposición de efectivo es el 100% de la línea de crédito.,OTRO,,,,,,,,,AMBAS,,2025-10-24,,,Condiciones: Hasta el 100% de la línea de crédito
1124,Interbank,TAR_0225t1696610001016,,,,COMISION,,,,,,,,,,,2025-10-24,,,
1157,Interbank,TAR_0008t1696348229524,,"Retiros en cajeros Global Net, Plus Global Net, e Interbank Agente ⁽³⁾⁽⁴⁾",Retiros ilimitados en cajeros y agentes,OTRO,,,,,,,,,AMBAS,,2025-10-24,,,"Interbank Agente: son los cajeros corresponsales de Interbank ubicado en bodegas, farmacias, minimarkets y otros lugares. | Condiciones: Interbank Agente: son los cajeros corresponsales de Interbank ubicado en bodegas, farmacias, minimarkets y otros lugares."
1158,Interbank,TAR_0008t1696348229524,,Depósitos en Interbank Agente y cajeros Plus Global Net ⁽⁴⁾,Depósitos ilimitados en agentes y cajeros,OTRO,,,,,,,,,AMBAS,,2025-10-24,,,"Interbank Agente: son los cajeros corresponsales de Interbank ubicado en bodegas, farmacias, minimarkets y otros lugares. | Condiciones: Interbank Agente: son los cajeros corresponsales de Interbank ubicado en bodegas, farmacias, minimarkets y otros lugares."
1159,Interbank,TAR_0008t1696348229524,,Retiro interplaza en ventanilla red de tiendas y Cajeros Global Net ⁽⁵⁾⁽⁶⁾,Retiro interplaza sin costo,COMISION,,,,,,,,,AMBAS,,2025-10-24,,Sin costo,Porcentaje aplicado al importe de la operación. Los depósitos y retiros interplaza son transacciones realizadas en una ciudad distinta a la provincia donde se abrió la cuenta (destino de los fondos). Las transferencias interplaza se refieren a transferencias realizadas entre cuentas abiertas en distintas provincias (el cobro se realiza en la cuenta de origen de los fondos). | Condiciones: Porcentaje aplicado al importe de la operación. Los depósitos y retiros interplaza son transacciones realizadas en una ciudad distinta a la provincia donde se abrió la cuenta (destino de los fondos). Las transferencias interplaza se refieren a transferencias realizadas entre cuentas abiertas en distintas provincias (el cobro se realiza en la cuenta de origen de los fondos).
1167,Interbank,TAR_0008t1696348229524,,Mantenimiento de cuenta (8) - Para saldo promedio mensual (S/.) : Hasta S/ 499.99,Mantenimiento de cuenta sin costo para saldos bajos,COMISION,,,,,,,,,MN,,2025-10-24,Mensual,,El cobro de las comisiones se realizará sobre el saldo disponible de la cuenta. Si la cuenta no tiene saldo disponible la(s) comisión(es) quedará(n) pendiente(s) de pago hasta que ésta cuente con saldo disponible y se efectúe el cobro. | Condiciones: El cobro de las comisiones se realizará sobre el saldo disponible de la cuenta. Si la cuenta no tiene saldo disponible la(s) comisión(es) quedará(n) pendiente(s) de pago hasta que ésta cuente con saldo disponible y se efectúe el cobro.
1169,Interbank,TAR_0008t1696348229524,,Mantenimiento de cuenta (8) - Para saldo promedio mensual (US$): Hasta US$ 199.99,Mantenimiento de cuenta sin costo para saldos bajos en USD,COMISION,,,,,,,,,ME,,2025-10-24,Mensual,,El cobro de las comisiones se realizará sobre el saldo disponible de la cuenta. Si la cuenta no tiene saldo disponible la(s) comisión(es) quedará(n) pendiente(s) de pago hasta que ésta cuente con saldo disponible y se efectúe el cobro. | Condiciones: El cobro de las comisiones se realizará sobre el saldo disponible de la cuenta. Si la cuenta no tiene saldo disponible la(s) comisión(es) quedará(n) pendiente(s) de pago hasta que ésta cuente con saldo disponible y se efectúe el cobro.
1175,Interbank,TAR_0008t1696348229524,,Emisión de tarjeta Interbank Visa Débito Oro (10),Emisión de tarjeta oro sin costo,COMISION,,,,,,,,,AMBAS,,2025-10-24,,Al procesar la transacción.,La emisión de la Tarjeta Interbank Visa Débito Oro y Visa Débito Joven es opcional a solicitud del cliente. | Condiciones: La emisión de la Tarjeta Interbank Visa Débito Oro y Visa Débito Joven es opcional a solicitud del cliente.
1176,Interbank,TAR_0008t1696348229524,,Emisión de Tarjeta Interbank Visa Débito Joven (10),Emisión de tarjeta joven sin costo,COMISION,,,,,,,,,AMBAS,,2025-10-24,,Al procesar la transacción.,La emisión de la Tarjeta Interbank Visa Débito Oro y Visa Débito Joven es opcional a solicitud del cliente. | Condiciones: La emisión de la Tarjeta Interbank Visa Débito Oro y Visa Débito Joven es opcional a solicitud del cliente.
1214,Interbank,TAR-0230B,,Número de depósitos libres de costo en Agentes Interbank,Cantidad de depósitos gratuitos en Agentes Interbank.,OTRO,,,,,,,,,AMBAS,,2025-10-24,Mensual,,
1215,Interbank,TAR-0230B,,Número de depósitos libres de costo en Cajeros GlobalNet,Cantidad de depósitos gratuitos en Cajeros GlobalNet.,OTRO,,,,,,,,,AMBAS,,2025-10-24,Mensual,,
1217,Interbank,TAR-0230B,,Número de transacciones (distintas de depósitos) libres de costo en Agentes Interbank,Cantidad de transacciones gratuitas (no depósitos) en Agentes Interbank.,OTRO,,,,,,,,,AMBAS,,2025-10-24,Mensual,,
1218,Interbank,TAR-0230B,,Número de transacciones (distintas de depósitos) libres de costo en Cajeros GlobalNet,Cantidad de transacciones gratuitas (no depósitos) en Cajeros GlobalNet.,OTRO,,,,,,,,,AMBAS,,2025-10-24,Mensual,,
1219,Interbank,TAR-0230B,,Transacciones libres de costo en BPI/IVR ³,Cantidad de transacciones gratuitas en BPI/IVR.,OTRO,,,,,,,,,AMBAS,,2025-10-24,Mensual,,
1234,Interbank,TAR-0230B,,Comisión de Mantenimiento Mensual Acceso a la BPI/APP Interbank Empresas⁷,Cargo mensual por mantenimiento de acceso a BPI/APP Interbank Empresas.,COMISION,,,,,,,,,AMBAS,,2025-10-24,Mensual,,"Nivel Negocio: Incluye consultas, transferencias locales, pago de remuneraciones, pago de CTS, pago de proveedores, pagos varios, pago de recibos y pago de letras, Paypal, factura negociable y módulo de administrador. | Condiciones: Nivel Negocio"
1242,Scotiabank,83PrestamosHipotecarioClientesNegocioPropio,Préstamo Hipotecario Clientes Negocio Propio,Notariales,Gastos notariales para la formalización del crédito hipotecario.,GASTO,,,,,,,,,,,2025-10-24,,,Según tarifario de Notaría de la localidad correspondiente | Cliente: Persona Jurídica | Segmento: Negocio Propio
1243,Scotiabank,83PrestamosHipotecarioClientesNegocioPropio,Préstamo Hipotecario Clientes Negocio Propio,Gastos Registrales,Gastos de registro público para la inscripción de la hipoteca.,GASTO,,,,,,,,,MN,,2025-10-24,,Antes del desembolso,"Arancel que cobra registros públicos por inscripción de Bloqueo Registral, Compra-Venta e inscripción de hipoteca a favor del Banco. | Cliente: Persona Jurídica | Segmento: Negocio Propio"
1246,Scotiabank,83PrestamosHipotecarioClientesNegocioPropio,Préstamo Hipotecario Clientes Negocio Propio,Registro,Costo de registro basado en el precio de venta y tipo de cambio.,GASTO,,,,,,,,,MN,,2025-10-24,,,Condiciones: Por cada ficha | Cliente: Persona Jurídica | Segmento: Negocio Propio
1247,Scotiabank,83PrestamosHipotecarioClientesNegocioPropio,Préstamo Hipotecario Clientes Negocio Propio,Constitución,Costo de constitución basado en el importe del gravamen y tipo de cambio.,GASTO,,,,,,,,,MN,,2025-10-24,,,Condiciones: Por cada ficha | Cliente: Persona Jurídica | Segmento: Negocio Propio
1248,Scotiabank,83PrestamosHipotecarioClientesNegocioPropio,Préstamo Hipotecario Clientes Negocio Propio,Levantamiento,Costo de levantamiento de gravamen basado en el importe y tipo de cambio.,GASTO,,,,,,,,,MN,,2025-10-24,,,Condiciones: Por cada ficha | Cliente: Persona Jurídica | Segmento: Negocio Propio
1263,Scotiabank,14_Tarjeta_Credito_Oro_Visa_y_MC,Tarjeta de Crédito Oro Visa y MasterCard,Tasa Efectiva Anual (TEA) - Traslado de Deuda de otros Bancos (Rotativo y Cuotas) (1),Tasa anual para traslado de deuda de otros bancos.,TASA,,,,,,,,,AMBAS,,2025-10-24,Anual,,9.90% - 59.99% | Condiciones: Traslado de Deuda de otros Bancos (Rotativo y Cuotas) | Cliente: Persona Jurídica
1264,Scotiabank,14_Tarjeta_Credito_Oro_Visa_y_MC,Tarjeta de Crédito Oro Visa y MasterCard,Tasa Efectiva Anual (TEA) - InstaCash (Rotativo y Cuotas) (2),Tasa anual para InstaCash en rotativo y cuotas.,TASA,,,,,,,,,ME,,2025-10-24,Anual,,12.55% - 62.99% | Condiciones: InstaCash (Rotativo y Cuotas) | Cliente: Persona Jurídica
1278,Scotiabank,122CuentaTravel,Cuenta Travel,Depósitos y/o transferencias por red de cajeros automáticos Scotiabank,Operaciones gratuitas de depósito y transferencia en cajeros Scotiabank.,OTRO,,,,,,,,,AMBAS,,2025-10-24,Mensual,,
1280,Scotiabank,122CuentaTravel,Cuenta Travel,Depósito interplaza,Comisión por depósito entre diferentes localidades.,COMISION,,,,,,,,,AMBAS,30/06/2023,2025-10-24,Por operación,,"Solo para operaciones en mismo banco realizadas en Agentes Scotiabank, Ventanilla y Cajeros Express. Vigente desde el 30.06.2023 | Condiciones: Solo para operaciones en mismo banco realizadas en Agentes Scotiabank, Ventanilla y Cajeros Express."
1320,Scotiabank,115_Tarjeta_Credito_AAdvantage_Oro_Visa_y_MC,Tarjeta de Crédito AAdvantage Oro Visa y MC,Servicios Transversales,Referencia a otro tarifario para servicios transversales.,OTRO,,,,,,,,,,,2025-10-24,,,
